Age,Annual_Income,Investment_Amount,Years_Experience,Financial_Knowledge_Score,Portfolio_Diversity_Score,Debt_to_Income_Ratio,Risk_Category
56,81063,53347,6,2,8,0.64,Conservative
69,147896,89860,29,3,4,0.07,Moderate
46,186216,87210,13,2,10,0.27,Moderate
32,117661,70518,4,1,10,0.58,Moderate
60,158051,46283,18,2,7,0.7,Moderate
25,177261,82326,27,8,5,0.65,Aggressive
38,193672,13205,27,9,9,0.05,Moderate
56,143257,90874,30,2,4,0.1,Moderate
36,106205,13748,10,7,3,0.13,Moderate
40,26910,22097,22,5,2,0.09,Moderate
28,66857,4092,24,3,1,0.18,Moderate
28,54964,54311,1,9,6,0.69,Moderate
41,176299,23692,7,6,10,0.83,Moderate
70,157050,24862,8,1,2,0.41,Conservative
53,37153,91396,26,5,8,0.69,Moderate
57,79765,80507,2,7,6,0.2,Moderate
41,128212,81152,1,4,5,0.97,Moderate
20,59071,71469,6,8,2,0.35,Moderate
39,132990,5926,4,10,7,0.85,Moderate
70,89519,92299,20,5,2,0.95,Moderate
19,29503,4969,25,9,5,0.86,Moderate
41,115457,36733,4,9,2,0.07,Moderate
61,167977,70855,19,9,10,0.65,Moderate
47,65838,42743,12,1,2,0.12,Moderate
55,145200,40876,20,2,7,0.01,Moderate
19,109489,21323,28,3,9,0.05,Aggressive
38,46806,17428,19,4,5,0.92,Moderate
50,196072,35578,30,10,7,0.91,Moderate
29,173240,87486,28,9,4,0.23,Aggressive
39,90119,65140,5,10,2,0.55,Moderate
61,58714,84829,19,6,3,0.96,Moderate
42,75419,7364,17,1,2,0.5,Conservative
66,125432,36349,24,9,5,0.39,Moderate
44,112949,1691,1,6,6,0.48,Moderate
59,153533,96598,24,4,7,0.79,Moderate
45,165363,67467,25,4,3,0.48,Moderate
33,197876,46896,5,3,4,0.78,Moderate
32,96971,58062,8,7,8,0.43,Moderate
64,113471,98266,24,3,4,0.25,Moderate
68,84946,80762,2,2,7,0.33,Moderate
61,118989,14861,0,10,6,0.08,Moderate
69,104080,97837,0,8,7,0.5,Moderate
20,97794,89302,18,4,1,0.15,Moderate
54,50841,64928,4,8,3,0.81,Conservative
68,144447,84231,12,1,6,0.42,Moderate
24,140029,42347,18,5,3,0.77,Moderate
38,199830,4121,11,9,7,0.95,Moderate
26,96272,84793,15,1,9,0.85,Moderate
56,57643,29164,24,4,3,0.95,Conservative
35,63950,26491,24,6,1,0.57,Moderate
21,120500,60222,18,10,10,0.17,Aggressive
42,179116,24165,2,8,6,0.94,Moderate
31,145588,4748,11,3,1,0.87,Conservative
67,35997,99581,29,5,1,0.86,Moderate
26,99751,27553,4,7,8,0.69,Moderate
43,118605,61380,1,1,9,0.62,Conservative
70,174983,45331,21,7,2,0.01,Moderate
19,75533,97033,6,8,9,0.75,Aggressive
37,102566,97844,12,8,5,0.09,Moderate
45,165643,40560,24,9,8,0.26,Moderate
64,128255,54865,14,6,7,0.55,Moderate
24,78005,47686,21,6,7,0.45,Moderate
61,63541,76910,2,2,4,0.02,Conservative
25,43387,5675,27,3,2,0.82,Moderate
64,113980,67706,20,4,5,0.88,Moderate
52,199980,78986,19,4,3,0.68,Moderate
31,105457,77216,30,8,9,0.54,Aggressive
34,164129,11068,4,1,6,0.96,Conservative
53,84028,55460,23,10,1,0.12,Moderate
67,139246,47418,7,4,3,0.74,Conservative
57,75731,27206,21,4,4,0.13,Moderate
21,175930,1287,0,1,9,0.38,Moderate
19,199761,23337,7,3,6,0.59,Moderate
23,64638,21666,23,5,4,0.74,Moderate
59,197558,2161,17,6,1,0.0,Moderate
21,40567,91071,19,9,8,0.26,Aggressive
46,180811,99064,27,9,2,0.54,Aggressive
35,77804,39751,15,9,8,0.53,Moderate
43,128821,83063,17,1,6,0.64,Moderate
61,23754,90389,19,9,8,0.3,Moderate
51,47044,15758,11,8,6,0.54,Moderate
27,87260,66780,12,2,5,0.19,Moderate
53,86912,4178,12,1,5,0.19,Conservative
31,28706,32831,9,1,10,0.58,Moderate
48,28894,3176,6,6,10,0.69,Conservative
65,169109,34654,24,9,8,0.12,Moderate
32,103986,27627,13,7,7,0.12,Moderate
25,101942,53550,29,5,8,0.57,Aggressive
31,49725,45910,23,2,8,0.27,Moderate
40,156998,91417,15,1,7,0.39,Moderate
57,124555,59251,14,2,2,0.4,Moderate
38,29496,36422,11,1,9,0.18,Moderate
33,76447,12984,8,3,7,0.0,Moderate
62,121604,90312,7,6,6,0.85,Moderate
35,180878,62386,17,8,9,0.72,Aggressive
64,108199,84291,22,3,1,0.69,Moderate
70,61321,8135,17,10,2,0.55,Moderate
41,173728,1320,12,9,1,0.7,Moderate
43,75147,95171,27,10,10,0.94,Moderate
42,111396,22684,26,5,3,0.67,Moderate
62,58787,56913,17,7,5,0.27,Moderate
58,41727,89774,14,8,1,0.57,Moderate
46,115081,22889,3,3,4,0.44,Moderate
32,142721,96849,16,2,8,0.56,Moderate
62,88056,99071,30,2,6,0.52,Moderate
18,154153,49899,4,5,1,0.86,Moderate
42,185268,11770,21,1,1,0.65,Moderate
24,187807,40321,15,2,3,0.19,Moderate
26,100102,86962,8,9,10,0.06,Aggressive
41,176570,42777,9,7,8,0.42,Moderate
18,96865,47250,23,6,8,0.02,Aggressive
61,182728,74034,17,9,3,0.32,Moderate
25,87695,41130,16,7,7,0.37,Moderate
41,188972,82931,17,5,3,0.38,Moderate
28,137235,50346,6,9,4,0.98,Moderate
68,198773,3537,3,6,9,0.3,Moderate
34,128777,85762,25,6,4,0.27,Moderate
25,39033,16216,4,4,3,0.13,Moderate
52,161877,85149,27,1,5,0.51,Moderate
52,186923,4009,22,5,7,0.15,Moderate
50,46832,90904,15,9,5,0.62,Moderate
22,135725,30327,2,8,4,0.16,Moderate
59,165016,15209,25,8,8,0.58,Moderate
56,39873,49443,17,5,4,0.83,Conservative
58,60372,16029,28,9,2,0.04,Moderate
45,109464,68613,22,3,10,0.42,Moderate
24,166451,80443,20,3,6,0.46,Moderate
26,137322,57997,13,1,2,0.79,Moderate
25,187823,63559,14,9,3,0.47,Aggressive
29,120082,65892,16,6,1,0.57,Moderate
51,25110,71409,0,2,5,0.79,Conservative
50,32087,9635,24,8,9,0.56,Moderate
65,174834,34065,20,9,2,0.36,Moderate
40,102617,34783,16,9,7,0.09,Moderate
41,120483,35152,22,2,5,0.73,Moderate
54,29596,59741,24,2,2,0.87,Moderate
52,127539,52502,10,7,8,0.97,Moderate
61,38313,30092,16,4,6,0.93,Conservative
57,133175,18653,25,1,4,0.8,Conservative
39,134914,98999,13,8,4,0.64,Aggressive
44,43705,41469,28,2,2,0.78,Conservative
52,93445,87483,19,3,3,0.43,Moderate
18,123892,60754,29,5,7,0.59,Aggressive
52,22023,30978,18,3,3,0.35,Conservative
54,139654,88592,20,7,5,0.33,Moderate
64,100073,95543,6,7,10,0.76,Moderate
31,112197,44169,23,2,6,0.45,Moderate
20,84429,49287,12,7,6,0.21,Moderate
18,124195,55745,17,6,4,0.2,Aggressive
22,53848,6543,22,10,6,0.86,Moderate
43,188876,57392,29,9,3,0.68,Aggressive
31,166451,22067,13,9,7,0.55,Moderate
56,47766,52033,0,2,7,0.4,Conservative
44,88099,46256,6,7,4,0.43,Moderate
26,187132,91633,7,5,2,0.06,Moderate
32,89122,70345,17,6,7,0.45,Moderate
32,167159,23191,8,1,3,0.8,Conservative
43,68868,87803,0,7,1,0.39,Moderate
59,139119,73742,28,6,2,0.38,Moderate
30,174297,87593,21,4,10,0.02,Aggressive
68,115286,29992,16,1,9,0.46,Conservative
49,26643,82531,18,9,8,0.03,Moderate
56,56727,49803,26,4,6,0.57,Moderate
66,162077,64477,5,2,6,0.51,Moderate
69,129079,14210,2,8,1,0.84,Conservative
49,85697,84329,23,2,2,0.58,Moderate
21,36029,27270,4,5,4,0.32,Moderate
47,165298,63008,1,6,3,0.52,Moderate
54,179803,6197,19,8,1,0.7,Moderate
40,129458,8452,24,1,8,0.09,Moderate
56,130384,42486,3,1,7,0.62,Conservative
62,88926,15859,9,4,4,0.92,Conservative
32,157069,28236,9,5,9,0.3,Moderate
60,75506,32899,23,9,4,0.63,Moderate
46,98229,33083,20,7,1,0.82,Moderate
53,62092,68708,10,7,10,0.51,Moderate
30,82539,17663,26,8,1,0.72,Moderate
49,172889,94076,15,5,1,0.31,Moderate
24,188933,20053,25,5,1,0.31,Moderate
68,33428,12085,28,1,4,0.67,Conservative
39,195006,31564,28,9,1,0.71,Moderate
45,161330,90745,29,6,2,0.94,Moderate
19,77775,60095,30,9,4,0.22,Moderate
59,25469,70517,16,3,7,0.47,Conservative
62,48854,22153,15,5,2,0.25,Conservative
70,157328,6247,6,2,8,0.08,Conservative
23,96256,11553,15,10,7,0.4,Moderate
45,185009,21811,2,5,9,0.37,Moderate
45,119134,96381,25,8,6,0.27,Moderate
61,152723,7135,15,2,4,0.3,Conservative
61,104730,6573,7,8,6,0.36,Moderate
37,176123,80267,29,4,4,0.99,Moderate
47,47386,8189,11,10,7,0.78,Moderate
28,167256,81077,2,10,9,0.07,Aggressive
45,53787,44646,16,1,3,0.87,Conservative
42,41621,77623,20,5,3,0.63,Moderate
56,97984,54687,17,1,2,0.89,Conservative
50,196325,69312,10,7,1,0.34,Moderate
18,54051,28564,3,8,1,0.46,Moderate
44,69811,29835,15,3,3,0.9,Conservative
69,50447,62587,16,3,7,0.27,Conservative
30,148046,8697,8,7,9,0.92,Moderate
58,181326,81165,5,4,2,0.83,Moderate
20,104045,74922,23,3,7,0.98,Moderate
56,136859,18046,26,8,1,0.32,Moderate
23,165544,58823,19,3,2,0.24,Moderate
25,23471,74580,24,7,6,0.33,Aggressive
44,140312,54370,1,2,5,0.95,Conservative
26,159401,10615,8,1,8,0.33,Conservative
54,185937,6060,27,6,2,0.57,Moderate
50,66850,77436,20,8,1,0.4,Moderate
68,74220,61519,28,1,7,0.4,Moderate
59,113808,72117,5,10,6,0.19,Moderate
61,157469,62158,2,9,8,0.54,Moderate
41,186597,35782,19,3,8,0.85,Moderate
32,73072,86709,5,3,2,0.05,Moderate
49,103820,79533,6,4,8,0.89,Moderate
49,43284,59255,0,1,6,0.67,Conservative
41,103369,73684,22,9,9,0.62,Aggressive
58,45122,57918,0,3,7,0.63,Conservative
69,150349,85284,4,10,2,0.3,Moderate
66,90553,80558,5,4,8,0.42,Conservative
66,114788,86549,12,1,9,0.8,Conservative
69,82812,82422,1,4,7,0.31,Moderate
29,27999,26256,14,1,4,0.47,Conservative
56,42436,31005,14,5,9,0.02,Moderate
19,62963,7638,12,5,4,0.73,Moderate
20,153168,38419,25,7,4,0.42,Aggressive
66,176351,34377,24,8,9,0.53,Moderate
54,128899,44116,13,4,8,0.11,Moderate
66,46201,37634,25,7,4,0.99,Conservative
34,170787,83291,21,4,8,0.3,Moderate
66,180381,24382,6,3,8,0.63,Conservative
19,166150,57063,13,6,7,0.58,Moderate
19,25105,23394,30,4,10,0.79,Moderate
45,137666,68789,25,3,6,0.29,Moderate
40,114848,1864,30,9,8,0.76,Moderate
54,22839,41222,23,5,7,0.38,Moderate
49,88920,14666,26,7,5,0.41,Moderate
50,63619,21955,30,6,4,0.67,Moderate
18,62821,82845,28,10,2,0.78,Aggressive
36,145736,70590,9,5,8,0.67,Moderate
19,164565,67471,16,7,9,0.9,Aggressive
70,37069,89314,13,6,4,0.29,Moderate
61,27531,44298,7,10,4,0.9,Conservative
43,188123,64108,3,2,5,0.13,Moderate
49,158808,49924,25,3,2,0.66,Moderate
23,158782,17709,15,2,7,0.55,Moderate
49,87155,10726,23,3,5,0.49,Moderate
21,165047,61824,12,1,6,0.31,Moderate
28,82424,41542,30,8,4,0.5,Moderate
34,65603,21245,21,6,8,0.16,Moderate
55,174324,35753,26,2,8,0.37,Moderate
41,152503,80788,24,8,5,0.1,Aggressive
22,188553,22316,26,6,6,0.57,Aggressive
69,112573,85698,19,7,3,0.1,Moderate
51,160629,16960,17,1,1,0.16,Moderate
23,123302,31791,13,7,9,0.09,Aggressive
39,151234,26216,17,3,9,0.38,Moderate
28,185814,33467,4,8,3,0.84,Moderate
65,39675,65427,25,6,4,0.91,Conservative
33,93997,63047,8,4,7,0.07,Moderate
50,168087,74290,27,8,2,0.63,Moderate
26,183663,48014,2,9,3,0.68,Moderate
23,160905,5078,7,10,6,0.53,Moderate
33,27896,79389,19,2,8,0.67,Moderate
46,184044,51519,21,6,1,0.23,Moderate
20,69733,5042,9,5,4,0.49,Moderate
37,61800,50052,21,5,1,0.39,Moderate
53,116044,15389,18,10,2,0.09,Moderate
36,25347,96961,29,3,8,0.63,Moderate
43,153715,69111,20,8,6,0.5,Moderate
20,60785,94715,27,8,9,0.28,Aggressive
36,38681,51733,2,5,2,0.47,Conservative
37,123864,35754,10,8,3,0.78,Moderate
49,166964,19624,30,10,9,0.8,Moderate
24,67299,86886,10,8,9,0.65,Moderate
69,37073,27681,30,3,6,0.47,Moderate
58,122304,90524,16,2,3,0.58,Moderate
50,50682,82006,15,9,5,0.39,Moderate
57,144302,25704,6,2,2,0.13,Moderate
56,165361,95913,3,9,7,0.39,Moderate
35,135359,95108,29,4,10,0.53,Moderate
57,158999,8493,22,2,8,0.6,Moderate
18,199402,70639,18,10,6,0.94,Aggressive
28,86707,55383,11,1,8,0.78,Moderate
45,85428,3994,14,4,2,0.15,Conservative
42,70601,70280,30,9,3,0.17,Moderate
67,153611,48234,10,9,7,0.1,Moderate
40,131487,48291,4,4,10,0.74,Moderate
48,173741,93868,4,9,1,0.71,Moderate
47,171716,6594,14,6,7,0.99,Moderate
59,169817,8371,28,1,6,0.52,Moderate
52,48228,48315,17,10,8,0.83,Moderate
24,185593,84564,10,6,7,0.58,Aggressive
33,142788,80526,25,9,4,0.87,Aggressive
43,117239,17626,11,2,3,0.72,Conservative
65,46928,87005,1,6,3,0.64,Conservative
69,38322,8130,19,2,4,0.57,Conservative
66,107896,7828,14,4,9,0.72,Conservative
19,82292,58514,19,8,9,0.42,Moderate
18,49055,53664,3,7,2,0.1,Moderate
65,62891,18883,21,9,5,0.04,Moderate
29,101912,44059,17,7,1,0.48,Moderate
22,157660,85078,5,1,4,0.6,Moderate
54,110536,43932,22,2,2,0.08,Moderate
49,26304,62269,26,6,8,0.29,Moderate
26,27345,76986,25,7,4,0.32,Moderate
58,180372,86959,18,3,5,0.56,Moderate
52,175331,3035,10,9,4,0.28,Moderate
36,111006,41745,27,7,5,0.1,Moderate
65,166424,18241,23,6,5,0.16,Moderate
33,149350,53975,1,6,5,0.17,Moderate
20,184437,24154,26,1,3,0.84,Moderate
37,39446,26625,7,5,7,0.28,Moderate
41,22336,45950,28,10,3,0.71,Moderate
50,82032,99602,10,3,2,0.57,Moderate
41,117852,57396,4,7,3,0.98,Moderate
69,158593,14331,17,10,3,0.27,Moderate
28,174553,64927,22,3,8,0.16,Aggressive
66,38474,87226,29,5,4,0.05,Moderate
25,197832,85719,17,7,3,0.24,Aggressive
53,75718,64014,13,3,10,0.68,Moderate
55,64629,40346,21,10,5,0.09,Moderate
57,65232,71411,9,2,4,0.24,Conservative
37,106544,55478,2,6,9,0.86,Moderate
52,70669,13254,8,8,8,0.58,Conservative
65,89184,56734,2,4,7,0.07,Conservative
42,199017,29621,10,9,8,0.05,Aggressive
52,33140,77441,30,8,5,0.06,Moderate
42,146468,47121,11,7,4,0.94,Moderate
46,103457,82418,11,7,7,0.85,Moderate
35,34357,61197,2,3,1,0.84,Conservative
63,131672,85577,20,6,6,0.92,Moderate
35,88673,95634,6,5,8,0.51,Moderate
19,141673,43431,13,1,7,0.25,Moderate
52,85633,5837,23,3,2,0.4,Moderate
33,116111,91025,27,1,7,0.72,Moderate
58,98258,84163,10,4,6,0.88,Moderate
53,163996,72232,6,10,5,0.44,Moderate
50,89286,49994,24,3,4,0.54,Conservative
21,113269,80079,20,4,1,0.93,Moderate
50,94071,13615,9,9,2,0.11,Moderate
31,50651,2466,10,3,7,0.86,Conservative
38,90202,31771,14,6,10,0.16,Moderate
65,68777,84886,18,6,3,0.48,Moderate
37,168066,66911,15,7,5,0.22,Aggressive
25,87263,99566,21,9,8,0.6,Aggressive
24,120158,21746,20,7,8,0.56,Moderate
20,30800,89422,27,1,6,0.38,Moderate
34,57823,61739,19,8,5,0.86,Moderate
50,83878,99187,11,5,2,0.66,Moderate
65,38708,74369,17,9,9,0.72,Moderate
29,163891,2893,22,10,1,0.15,Moderate
68,83870,31573,12,5,2,0.88,Conservative
39,29283,97907,4,5,1,0.17,Moderate
39,181645,41874,3,2,4,0.22,Moderate
63,98707,78362,27,3,4,0.13,Moderate
47,182005,88460,13,10,5,0.44,Moderate
55,25774,34367,7,9,5,0.89,Conservative
55,162055,22199,8,7,8,0.25,Moderate
62,116468,92404,24,1,3,0.37,Moderate
68,116334,75328,18,3,6,0.85,Moderate
25,38133,58724,2,2,3,0.62,Conservative
44,166011,87133,4,1,2,0.75,Moderate
44,20781,37405,20,9,8,0.21,Moderate
51,134586,99232,25,8,1,0.72,Moderate
38,47624,16989,17,5,9,0.23,Moderate
47,26823,29931,0,2,7,0.99,Conservative
50,38489,10290,7,1,10,0.56,Conservative
45,191033,39367,18,7,4,0.7,Moderate
64,49118,80878,16,2,3,0.12,Conservative
50,120417,91477,16,1,6,0.25,Moderate
22,101816,80481,10,2,9,0.14,Moderate
65,173335,77298,30,7,9,0.39,Moderate
36,33565,31133,1,7,4,0.28,Conservative
21,171426,28052,5,10,10,0.73,Moderate
52,194023,86489,21,6,5,0.11,Aggressive
66,111179,41475,13,5,9,0.75,Moderate
34,43648,83666,2,3,2,0.05,Moderate
61,61971,97622,11,3,2,0.2,Conservative
45,38658,58656,3,9,5,0.79,Moderate
47,41253,5633,11,4,1,0.74,Conservative
46,199635,18304,12,9,8,0.48,Moderate
63,177462,98820,1,4,5,0.05,Moderate
70,108664,47546,1,2,10,0.61,Conservative
23,123850,8008,14,4,2,0.41,Moderate
52,183730,49291,22,6,9,0.32,Aggressive
58,157924,28405,28,6,2,0.64,Moderate
54,153623,37386,16,5,7,0.44,Moderate
41,91947,91909,6,1,8,0.09,Moderate
46,81001,21827,29,3,6,0.92,Conservative
66,142775,34040,27,5,7,0.78,Moderate
63,53243,61354,13,6,1,0.06,Moderate
70,172872,79543,11,1,4,0.53,Moderate
48,95939,19157,29,9,7,0.08,Moderate
52,77828,98693,16,3,1,0.84,Moderate
50,158311,36315,13,10,1,0.61,Moderate
69,26710,36932,5,3,6,0.17,Conservative
38,172456,22164,18,2,4,0.02,Moderate
49,172110,15414,23,8,3,0.03,Moderate
40,191918,15327,5,3,5,0.51,Moderate
50,57991,1946,26,6,9,0.73,Moderate
20,158043,15693,17,2,10,0.12,Moderate
35,180211,28241,23,7,10,0.22,Aggressive
42,105445,96790,4,4,10,0.33,Moderate
59,100257,16540,23,9,3,0.22,Moderate
48,57711,73255,23,10,5,0.39,Moderate
20,26530,65757,5,9,10,0.56,Moderate
57,31116,42203,1,7,5,0.68,Conservative
63,85794,26081,7,8,9,0.96,Conservative
41,151354,62861,14,3,10,0.93,Moderate
67,152970,12350,14,5,4,0.57,Conservative
49,24135,56512,10,2,1,0.73,Conservative
64,157701,57809,21,10,10,0.95,Moderate
39,129472,98557,21,7,5,0.08,Aggressive
40,145147,43832,23,8,1,0.01,Moderate
19,109087,29369,0,9,6,0.03,Moderate
44,53380,32728,17,7,10,0.56,Moderate
59,149951,18576,11,10,10,0.76,Moderate
19,37071,30001,11,10,7,0.37,Moderate
43,40074,84384,24,8,1,0.55,Moderate
34,87843,1390,10,9,10,0.52,Moderate
57,59901,88535,27,6,4,0.09,Moderate
50,31205,46436,7,10,9,0.32,Moderate
26,144661,12569,27,2,1,0.02,Moderate
60,25906,14029,6,2,9,0.11,Conservative
65,153663,23490,22,4,8,0.81,Conservative
56,145576,46875,20,9,5,0.83,Moderate
46,82987,6867,1,7,6,0.8,Moderate
59,100685,81820,10,2,7,0.73,Conservative
43,130454,10121,21,8,4,0.79,Moderate
52,125487,2539,9,7,6,0.67,Conservative
67,74400,92024,2,9,7,0.67,Moderate
42,176222,18027,19,8,6,0.67,Moderate
41,51852,75229,28,3,6,0.51,Moderate
30,193942,9921,9,1,2,0.36,Moderate
24,72756,51435,27,2,5,0.73,Moderate
53,135357,11310,26,2,3,0.3,Moderate
62,139052,64965,17,4,7,0.54,Moderate
37,76481,97444,13,6,4,0.43,Moderate
18,21283,70922,17,4,1,0.28,Moderate
25,53691,98799,27,9,6,0.97,Moderate
63,152197,94948,23,4,6,0.26,Moderate
33,46170,83839,7,6,7,0.31,Moderate
31,28438,13242,9,6,8,0.16,Moderate
29,40095,9947,21,10,3,0.82,Moderate
68,167226,72466,12,10,6,0.59,Moderate
40,159076,62816,20,1,10,0.61,Moderate
32,29752,49785,7,8,2,0.82,Conservative
45,75426,1507,3,3,9,0.34,Conservative
51,46819,67972,26,6,2,0.19,Moderate
19,112051,28151,3,3,3,0.2,Moderate
49,175289,12618,4,2,10,0.73,Conservative
40,52994,75286,0,5,2,0.61,Conservative
39,166108,17122,16,1,9,0.21,Moderate
68,117756,8354,1,9,1,0.15,Conservative
42,160659,31979,29,7,5,0.12,Moderate
39,115665,87436,7,3,1,0.63,Moderate
39,151717,80376,6,4,5,0.0,Moderate
66,182002,53774,30,6,8,0.02,Moderate
69,101835,6037,14,3,8,0.39,Conservative
59,142232,29633,25,7,8,0.69,Moderate
23,181162,25495,24,6,2,0.7,Aggressive
32,177547,65550,4,9,8,0.43,Aggressive
60,169960,82384,1,5,5,0.69,Moderate
54,63732,37483,6,4,1,0.52,Conservative
50,66305,74373,30,3,7,0.98,Moderate
25,197109,35069,7,10,6,0.16,Moderate
70,29346,8370,27,1,5,0.6,Conservative
61,20587,72947,6,3,1,0.49,Conservative
61,32763,40133,29,3,1,0.19,Conservative
22,89615,97035,6,7,6,0.75,Moderate
56,187188,96761,27,7,10,0.28,Aggressive
21,140987,1692,30,1,7,0.38,Moderate
23,111353,29926,13,3,10,0.37,Moderate
62,115648,74984,20,8,10,0.24,Moderate
49,45556,44390,17,9,1,0.43,Moderate
69,79042,50593,5,7,9,0.47,Moderate
47,38099,76609,3,7,4,0.74,Moderate
64,129089,6209,9,8,5,0.77,Conservative
52,196168,7533,17,6,2,0.16,Moderate
57,164302,87597,11,3,10,0.59,Moderate
69,180081,8211,15,1,8,0.9,Conservative
33,53866,10927,24,7,2,0.11,Moderate
30,125400,78463,6,1,3,0.47,Moderate
67,104246,25594,5,1,9,0.75,Conservative
59,96975,75852,27,9,2,0.61,Moderate
47,192927,78713,4,10,6,0.1,Moderate
36,101557,77382,2,7,4,0.4,Moderate
34,157488,8933,11,4,7,0.51,Moderate
36,92516,41696,30,6,6,1.0,Moderate
45,169130,66449,14,1,10,0.18,Moderate
43,191790,68616,9,7,9,0.98,Moderate
54,52602,7089,25,6,9,0.38,Moderate
43,178588,57548,19,4,10,0.2,Moderate
70,149295,27123,18,7,4,0.41,Conservative
40,107969,8797,15,3,1,0.61,Conservative
26,152161,51013,27,1,2,0.21,Moderate
29,188418,9346,10,4,8,0.29,Moderate
70,161559,86414,7,3,10,0.85,Moderate
18,20155,34672,2,1,8,1.0,Conservative
18,143950,18653,22,2,2,0.32,Moderate
64,87494,50556,6,5,4,0.15,Moderate
51,96229,27140,22,8,1,0.79,Moderate
49,124648,2184,28,1,7,0.6,Moderate
65,58547,35493,6,4,4,0.1,Conservative
42,48795,45148,13,4,8,0.95,Moderate
57,41447,25846,1,5,9,0.08,Conservative
62,187670,23195,9,7,9,0.63,Moderate
70,192886,6606,18,8,3,0.42,Moderate
18,107960,4956,25,6,5,0.56,Moderate
33,83278,17555,8,1,6,0.21,Moderate
56,75077,91385,15,7,6,0.69,Moderate
22,132782,19690,18,3,10,0.96,Moderate
39,122932,59502,17,6,8,0.46,Moderate
46,160600,49849,8,8,6,0.52,Moderate
20,129869,27347,15,7,6,0.24,Moderate
29,159251,99725,12,10,4,0.89,Moderate
43,68781,92321,9,6,7,0.97,Moderate
33,175024,50056,24,9,8,0.79,Aggressive
68,73798,64851,19,9,3,0.54,Conservative
54,118696,99234,13,1,7,0.96,Moderate
39,70939,82502,11,1,3,0.15,Moderate
46,49516,97633,24,1,8,0.48,Moderate
31,161521,82418,18,8,1,0.54,Moderate
45,70290,71211,6,10,1,0.49,Moderate
22,146688,42850,22,7,6,0.8,Moderate
64,106661,79545,14,3,10,0.67,Moderate
66,92954,28843,15,2,9,0.13,Conservative
47,42746,63320,26,4,4,0.35,Moderate
63,87990,30793,7,3,6,0.34,Conservative
69,78810,40516,9,7,5,0.57,Conservative
22,138362,18857,30,10,1,0.29,Aggressive
29,166295,20627,3,8,6,0.12,Moderate
33,153669,62822,18,6,9,0.65,Aggressive
43,22659,85101,18,3,3,0.85,Conservative
43,106516,92561,30,6,3,0.93,Moderate
65,94567,53248,27,2,2,0.97,Conservative
38,35037,56798,20,7,4,0.78,Moderate
56,146498,94368,26,10,10,0.14,Aggressive
53,197810,45116,14,7,3,0.85,Moderate
50,32109,76318,13,4,2,0.4,Moderate
47,42010,88902,0,8,1,0.73,Moderate
54,28787,29557,15,4,3,0.53,Conservative
40,159544,72334,9,7,10,0.83,Aggressive
27,174455,76163,18,4,6,0.43,Moderate
22,81709,79002,29,5,9,0.06,Aggressive
53,54518,43614,21,7,5,0.56,Moderate
51,73909,13720,2,10,3,0.17,Conservative
69,38351,58608,4,3,5,0.97,Conservative
48,35282,73095,8,10,5,0.53,Moderate
27,172850,85694,17,5,5,0.55,Moderate
36,175336,97452,10,3,7,0.91,Moderate
49,25075,88593,15,5,5,0.62,Moderate
18,199526,36892,1,3,7,0.3,Moderate
22,48365,78242,11,10,9,0.3,Moderate
62,199272,78606,21,7,5,0.5,Moderate
21,31002,1924,5,1,2,0.87,Conservative
33,33947,52322,10,9,5,0.79,Moderate
41,114840,27478,26,9,8,0.96,Moderate
33,136219,72042,7,5,4,0.07,Moderate
19,98610,47418,11,9,2,0.27,Moderate
66,72142,63217,28,10,10,0.08,Moderate
45,76307,91140,26,6,3,0.75,Moderate
49,155565,81846,29,5,9,0.14,Moderate
44,70085,74762,1,3,9,0.1,Moderate
37,54228,12781,8,8,8,0.56,Moderate
41,182727,6515,14,4,8,0.41,Moderate
29,63472,37133,1,10,8,0.72,Moderate
67,69437,83508,28,3,8,0.49,Moderate
52,79711,98628,0,6,8,0.43,Moderate
50,157888,77946,9,8,1,0.43,Moderate
50,97175,86058,1,9,6,0.87,Moderate
68,84307,10095,11,6,9,0.4,Conservative
60,66733,89583,22,5,8,0.33,Moderate
54,148202,21470,7,2,3,0.34,Conservative
29,115028,44129,4,2,1,0.2,Moderate
20,162312,9531,21,9,2,0.86,Moderate
18,112493,38038,27,2,2,0.15,Moderate
50,145149,88939,0,2,7,0.91,Moderate
57,183834,43674,14,3,6,0.28,Moderate
27,28259,95658,5,3,2,0.9,Moderate
60,148775,83476,11,4,8,0.79,Moderate
61,34849,30831,30,7,9,0.58,Moderate
46,101768,58174,7,9,7,0.67,Moderate
30,126108,12279,12,2,4,0.33,Moderate
29,109709,39220,18,4,1,0.57,Moderate
48,74869,61610,26,9,4,0.29,Moderate
63,146888,53719,0,2,4,0.4,Conservative
19,83095,54051,10,10,8,0.76,Moderate
68,137886,73013,19,1,4,0.24,Conservative
67,90910,57652,0,10,4,0.84,Conservative
52,43567,66524,29,8,2,0.38,Moderate
40,55292,83936,7,9,10,0.53,Moderate
34,94813,7470,4,7,7,0.94,Conservative
43,117136,68598,16,8,4,0.68,Moderate
25,71631,42798,29,4,6,0.65,Moderate
46,29885,54473,7,4,3,0.71,Moderate
43,86314,20880,24,2,7,0.92,Moderate
27,85087,45439,9,8,6,0.25,Moderate
43,180237,15308,1,2,3,0.61,Conservative
51,115998,92563,8,9,4,0.4,Moderate
68,69812,97256,23,4,10,0.01,Moderate
58,78643,36081,22,1,5,0.13,Moderate
24,64900,76242,2,4,9,0.32,Moderate
21,194018,51383,17,3,6,0.56,Moderate
70,158923,10837,6,6,4,0.88,Conservative
67,36288,53151,14,7,7,0.79,Conservative
62,92692,37824,20,8,2,0.55,Moderate
28,158440,34073,21,2,4,0.07,Moderate
46,105436,98624,19,6,5,0.29,Moderate
53,66403,94648,17,6,4,0.37,Moderate
42,111170,27299,24,10,4,0.62,Moderate
38,29168,59861,2,5,9,0.06,Moderate
53,69879,31063,27,10,2,0.53,Moderate
27,79871,70453,29,10,6,0.9,Aggressive
54,52174,69472,22,7,8,0.71,Moderate
26,157653,15506,13,3,8,0.8,Moderate
41,130155,95341,23,4,7,0.68,Moderate
52,91853,80854,1,10,10,0.21,Moderate
66,84046,27026,13,9,4,0.11,Moderate
52,69678,28672,21,4,7,0.83,Moderate
65,46649,39417,10,3,10,0.7,Conservative
53,147795,53413,15,2,6,0.58,Moderate
35,108668,66066,7,5,6,0.19,Moderate
66,165639,60213,6,4,2,0.6,Moderate
56,109906,51971,10,8,8,0.03,Moderate
49,116019,28281,2,7,8,0.12,Moderate
41,98002,29091,16,6,7,0.31,Moderate
40,48803,51494,13,2,9,0.44,Conservative
49,169302,19610,5,3,8,0.12,Conservative
54,168934,2079,7,10,9,0.12,Moderate
29,194427,96386,21,9,9,0.73,Aggressive
66,182331,47751,4,9,6,0.57,Moderate
30,50795,87126,26,5,2,0.53,Moderate
40,28770,56432,27,3,7,0.45,Moderate
42,31093,31951,7,2,3,0.98,Conservative
52,197643,81863,1,8,7,0.05,Aggressive
58,151265,79291,14,6,9,0.18,Aggressive
47,120311,60872,11,10,10,0.65,Moderate
34,37569,8235,30,7,10,0.14,Moderate
66,31190,83733,16,1,2,0.59,Conservative
37,82824,63712,0,1,6,0.57,Conservative
65,193824,22473,14,10,6,0.97,Moderate
42,183399,68567,13,2,9,0.88,Moderate
39,62070,80823,19,10,9,0.95,Moderate
30,60197,33230,21,3,5,0.11,Moderate
36,22261,85573,15,1,5,0.87,Moderate
66,177584,93588,28,5,9,0.13,Moderate
53,157788,69876,8,3,8,0.63,Moderate
29,106795,41644,0,1,7,0.72,Moderate
58,48933,49664,27,8,8,0.16,Moderate
36,155450,46203,16,6,6,0.63,Moderate
29,60583,67677,28,9,3,0.05,Aggressive
26,132082,26425,12,3,7,0.29,Moderate
24,105371,85817,20,9,8,0.92,Moderate
45,180105,86961,25,9,8,0.17,Aggressive
31,175072,98649,20,1,1,0.07,Moderate
48,131032,70806,4,3,7,0.44,Moderate
69,62604,43814,9,6,3,0.85,Conservative
36,115074,71219,5,8,2,0.08,Moderate
64,93869,50646,23,4,2,0.36,Moderate
33,25410,40884,18,5,8,0.9,Moderate
70,103375,96345,24,9,9,0.12,Moderate
22,116055,70322,12,6,3,0.31,Moderate
52,157868,22650,0,7,3,0.78,Conservative
29,106716,95242,19,7,6,0.54,Aggressive
42,74245,10190,24,4,10,0.83,Moderate
69,63056,39196,14,4,1,0.11,Conservative
38,168781,40449,13,4,6,0.92,Moderate
53,78557,40661,7,5,3,0.93,Conservative
70,37543,30709,9,5,4,0.16,Conservative
40,188490,81428,8,8,9,0.03,Aggressive
33,116038,76179,16,9,3,0.99,Moderate
56,167796,10943,8,2,1,0.48,Conservative
62,23828,44240,2,7,3,0.57,Conservative
70,136656,46760,10,1,7,0.62,Conservative
59,37087,22042,11,1,7,0.79,Conservative
56,163677,44894,9,4,5,0.81,Conservative
31,51337,7869,24,10,1,0.19,Moderate
48,156554,62078,16,7,8,0.24,Moderate
22,85333,57759,16,2,10,0.88,Moderate
52,156535,45306,24,2,8,0.82,Moderate
40,90448,56371,10,1,10,0.62,Moderate
46,24648,21918,29,10,10,0.99,Moderate
60,150576,29379,21,2,10,0.74,Moderate
28,53623,91810,3,7,2,0.22,Moderate
35,55634,84232,6,9,10,0.85,Moderate
64,195674,3962,20,6,3,0.41,Moderate
29,134598,14851,25,10,4,0.04,Aggressive
26,69334,46747,13,2,1,0.32,Moderate
27,88648,53349,6,10,4,0.76,Moderate
61,42054,71832,23,10,5,0.96,Moderate
34,90028,57356,7,9,3,0.28,Moderate
55,42207,15745,0,7,10,0.25,Moderate
24,101554,6730,23,1,2,0.56,Moderate
63,172458,14921,21,9,6,0.81,Moderate
30,103276,99430,3,2,8,0.75,Moderate
57,72781,72138,28,4,7,0.56,Moderate
59,195271,84111,29,9,1,0.63,Moderate
26,81035,20023,11,4,4,0.24,Moderate
67,28210,46349,23,3,3,0.43,Conservative
44,64363,82533,2,1,6,0.26,Conservative
19,98279,84286,12,7,9,0.88,Aggressive
22,173504,42979,19,6,9,0.11,Aggressive
46,154393,23837,30,10,7,0.68,Moderate
54,101348,15997,5,4,9,0.26,Conservative
55,188455,89603,10,6,8,0.48,Moderate
36,133816,46039,22,6,5,0.3,Moderate
25,143053,21923,3,4,9,0.32,Moderate
65,186892,9876,19,6,7,0.26,Moderate
62,86262,61973,15,10,5,0.75,Moderate
18,154832,3887,6,8,8,0.37,Moderate
39,173262,64723,21,3,7,0.73,Moderate
69,87411,43422,28,4,9,0.46,Moderate
34,43377,52413,10,10,10,0.55,Moderate
24,197809,3841,23,1,1,0.54,Moderate
42,58211,29756,0,4,9,0.98,Conservative
62,23744,72576,25,10,7,0.37,Moderate
21,44995,11304,28,10,1,0.21,Moderate
53,168049,31341,26,9,1,0.91,Moderate
23,54542,5758,6,8,5,0.17,Moderate
48,30651,18010,11,4,8,0.83,Conservative
36,119239,61758,6,7,9,0.15,Moderate
61,98931,32658,26,10,6,0.66,Moderate
56,122112,50002,22,3,10,0.15,Moderate
44,36715,2375,6,9,8,0.92,Conservative
27,195481,23092,9,10,6,0.57,Moderate
43,175378,1490,29,4,6,0.33,Moderate
36,170158,4729,15,2,4,0.14,Moderate
56,165448,6974,25,10,5,0.37,Moderate
20,81350,86216,7,5,2,0.71,Moderate
62,91425,84860,8,2,3,0.38,Moderate
30,187708,97870,8,10,3,0.25,Moderate
67,106120,22398,1,6,5,0.58,Conservative
45,134889,35650,12,10,5,0.42,Moderate
37,185682,22292,12,1,6,0.17,Moderate
45,161130,4159,22,6,5,0.15,Moderate
25,94637,99162,22,4,6,0.71,Moderate
58,90194,63766,3,3,8,0.97,Conservative
56,96917,95887,24,2,2,0.23,Moderate
18,84200,18065,23,7,4,0.77,Moderate
20,125848,22638,11,9,6,0.09,Moderate
30,126022,2073,16,3,5,0.38,Moderate
45,197691,47511,1,6,1,0.51,Moderate
66,168226,85307,12,9,9,0.27,Moderate
42,170611,30320,30,2,3,0.53,Moderate
50,80058,70876,28,7,2,0.88,Moderate
55,82068,35924,17,5,9,0.94,Conservative
70,119932,82720,27,5,7,0.1,Moderate
23,181445,41734,27,7,5,0.27,Aggressive
61,184226,69116,26,9,6,0.98,Moderate
62,157103,41025,14,4,4,0.27,Moderate
49,42785,95503,30,9,1,0.69,Moderate
62,179741,3159,7,10,4,0.25,Moderate
64,114475,49940,14,9,9,0.36,Moderate
38,22282,80436,0,4,1,0.19,Conservative
33,185696,77976,19,3,10,0.86,Moderate
38,199510,15678,9,2,3,0.88,Moderate
28,87534,62075,11,9,5,0.3,Moderate
54,182777,48204,4,2,7,0.82,Moderate
53,189316,13021,8,6,9,0.36,Moderate
52,94964,7772,22,5,6,0.1,Moderate
36,188509,68163,7,5,3,0.76,Moderate
37,139006,74755,15,4,7,0.6,Moderate
35,70583,24464,13,6,4,0.27,Moderate
64,58392,52137,26,5,3,0.25,Moderate
58,27461,31232,24,4,7,0.98,Conservative
66,120123,62497,12,9,7,0.86,Moderate
31,30516,75024,22,6,4,0.81,Moderate
32,168586,52448,20,10,7,0.13,Aggressive
48,141251,85517,12,10,2,0.76,Moderate
18,187340,1901,30,10,1,0.21,Aggressive
70,187860,88980,4,3,2,0.98,Conservative
20,82493,84597,15,10,4,0.05,Aggressive
33,56027,3881,25,6,8,0.35,Moderate
40,113547,30863,10,1,3,0.43,Moderate
28,193921,6622,21,5,10,0.82,Moderate
29,120127,2378,4,10,6,0.77,Moderate
27,168930,84168,12,6,6,0.37,Moderate
49,99003,94847,27,8,9,0.57,Moderate
33,59758,72186,10,9,9,0.84,Moderate
25,74312,46201,24,3,4,0.02,Moderate
55,88670,60251,18,2,9,0.8,Moderate
29,102279,73572,2,4,6,0.95,Moderate
41,35434,40255,14,8,2,0.03,Moderate
45,198847,64212,6,8,10,0.05,Aggressive
70,95769,51210,6,3,6,0.34,Moderate
25,86677,23499,5,4,2,0.09,Moderate
45,103555,52628,2,3,8,0.48,Moderate
53,148379,62360,29,10,4,0.73,Moderate
43,196806,5603,12,2,5,0.57,Moderate
25,121665,94309,6,4,8,0.2,Moderate
67,191675,86473,4,6,8,0.65,Moderate
45,88803,13632,22,5,6,0.68,Moderate
45,190404,31607,17,3,4,0.93,Moderate
54,111703,92873,21,2,1,0.15,Moderate
58,41312,66756,29,9,7,0.69,Moderate
53,195251,47994,7,1,8,0.91,Moderate
44,137961,64382,16,9,9,0.5,Moderate
34,60379,71354,19,1,2,0.36,Moderate
26,37297,57344,26,7,1,0.17,Moderate
50,22011,54775,0,6,4,0.87,Conservative
70,140234,8349,13,7,5,0.39,Moderate
37,64014,72154,16,3,10,0.92,Moderate
30,162810,28464,9,3,1,0.85,Moderate
45,114333,43624,11,1,5,0.38,Moderate
65,198570,38344,15,4,6,0.57,Moderate
46,31120,84791,13,2,3,0.03,Moderate
30,159839,25299,29,10,7,0.26,Aggressive
63,42852,48975,26,8,6,0.71,Moderate
52,99239,2462,15,3,4,0.68,Moderate
23,152001,82441,7,7,3,0.35,Moderate
35,111575,91456,22,7,5,0.81,Aggressive
68,115040,82788,27,9,3,0.24,Moderate
22,168510,41581,9,6,10,0.46,Aggressive
64,199587,72289,28,1,9,0.47,Moderate
42,25744,15175,16,8,9,0.34,Moderate
19,193489,7191,26,1,6,0.95,Moderate
27,158141,84434,29,3,6,0.7,Moderate
47,62359,85518,28,5,4,0.54,Moderate
67,170871,81158,17,8,4,0.51,Moderate
62,118746,67537,19,9,2,0.16,Moderate
22,140906,48645,15,7,10,0.37,Aggressive
50,27597,24283,16,9,4,0.67,Moderate
18,67093,87971,15,3,8,0.92,Moderate
35,188298,93759,18,5,10,0.82,Moderate
49,134650,60123,23,10,2,0.3,Moderate
64,177489,31024,23,8,9,0.43,Moderate
66,169765,50630,7,1,1,0.08,Conservative
28,140956,31734,5,8,2,0.1,Moderate
38,135598,1515,5,7,2,0.47,Moderate
43,153241,67727,20,1,6,0.53,Moderate
42,173124,98800,28,10,7,0.26,Aggressive
39,28036,47216,8,10,3,0.64,Moderate
44,51778,72833,3,6,9,0.7,Moderate
66,178806,59755,25,1,5,0.3,Moderate
30,174245,28856,30,2,5,0.76,Moderate
50,181475,74870,11,5,4,0.21,Moderate
51,157416,25162,27,2,9,0.54,Moderate
58,38800,7008,11,10,8,0.8,Conservative
52,45372,8987,22,1,4,0.54,Conservative
18,81516,63532,16,6,4,0.91,Moderate
38,40538,97502,14,8,2,0.06,Moderate
65,83918,4332,8,8,9,0.59,Conservative
23,166045,67323,6,8,3,0.56,Moderate
45,91155,39990,9,6,4,0.66,Conservative
34,79500,10873,15,3,7,0.83,Conservative
22,187647,83542,11,1,10,0.73,Moderate
48,193333,86761,24,2,8,0.79,Moderate
22,130659,37444,6,5,8,0.29,Moderate
55,47716,36340,17,10,4,0.39,Moderate
20,154308,6033,14,5,7,0.63,Moderate
70,166920,74324,5,10,10,0.55,Moderate
40,22352,16689,25,1,1,0.96,Conservative
54,153004,88134,11,1,6,0.19,Moderate
70,96449,96239,10,9,6,0.35,Moderate
54,28556,1066,19,2,6,0.57,Conservative
27,106836,46246,2,7,2,0.87,Moderate
27,156570,8533,1,10,8,0.93,Moderate
36,70098,81639,5,4,5,0.34,Moderate
34,132169,71152,23,7,5,0.07,Moderate
38,160641,60658,21,8,2,0.42,Moderate
31,146060,39498,24,5,4,0.39,Moderate
26,150544,12772,29,1,9,0.99,Moderate
63,20340,90385,4,4,9,0.43,Moderate
18,195021,50036,17,10,6,0.31,Moderate
68,102302,59531,15,3,9,0.37,Moderate
62,20138,13940,7,10,4,0.4,Conservative
30,151430,17932,24,5,1,0.82,Moderate
21,139619,96305,29,10,2,0.08,Aggressive
18,105376,57827,25,10,1,0.32,Moderate
66,119931,62431,19,6,8,0.97,Moderate
57,181726,25648,21,2,9,0.15,Moderate
49,176951,33966,30,7,10,0.74,Moderate
51,101532,28777,10,3,6,0.36,Moderate
45,75778,33567,9,1,2,0.58,Conservative
48,57772,18174,23,10,6,0.1,Moderate
25,78478,43598,24,3,9,0.31,Moderate
56,46762,60199,11,9,3,0.5,Moderate
43,164355,14798,20,10,9,0.23,Aggressive
51,190492,66364,27,6,2,0.54,Moderate
20,75568,18558,5,6,5,0.22,Moderate
67,105090,62084,26,4,2,0.65,Moderate
29,40219,45237,19,8,7,0.9,Moderate
18,77169,66497,4,5,10,0.09,Moderate
61,94965,1178,22,7,9,0.22,Moderate
22,197912,87006,8,9,7,0.84,Aggressive
47,195767,18118,25,5,5,0.63,Moderate
47,104754,23616,26,5,4,0.08,Moderate
34,97988,1798,28,4,4,0.49,Moderate
65,170023,8601,15,6,10,0.21,Moderate
64,152379,26363,21,2,8,0.2,Moderate
40,100388,3795,13,3,10,0.94,Conservative
32,110768,98462,21,1,10,0.76,Moderate
54,55428,46264,7,2,10,0.7,Conservative
38,112021,73833,26,2,10,0.24,Aggressive
31,138418,4084,19,8,10,0.12,Moderate
19,190047,96865,18,8,1,0.87,Aggressive
28,152212,77646,13,2,5,0.01,Moderate
68,175914,1731,6,6,2,0.39,Conservative
56,46421,2129,4,5,9,0.28,Conservative
55,21708,29022,17,3,7,0.57,Conservative
51,154702,2605,1,5,10,0.25,Moderate
55,170667,78506,10,5,8,0.31,Moderate
67,96021,45130,21,5,6,0.85,Conservative
51,179380,30265,7,3,9,0.6,Moderate
35,64789,33330,0,3,6,0.15,Moderate
47,46086,69469,30,4,7,0.73,Moderate
32,36859,16187,26,7,7,0.21,Moderate
44,27684,26791,21,2,9,0.43,Moderate
68,111088,91436,11,10,8,0.65,Moderate
51,152279,71610,1,4,1,0.27,Moderate
69,66099,92962,17,4,4,0.38,Moderate
55,86093,40867,6,1,7,0.73,Conservative
50,180761,1893,25,10,8,0.94,Moderate
41,68651,20773,16,8,7,0.53,Moderate
32,33893,5239,21,1,3,0.01,Moderate
47,86418,21863,29,8,4,0.34,Moderate
59,145074,52415,22,7,7,0.4,Moderate
68,123065,69968,13,9,8,0.34,Moderate
34,150351,61430,23,8,7,0.44,Aggressive
22,58635,2515,6,5,6,0.63,Moderate
46,115071,98206,21,8,9,0.12,Moderate
21,98518,15605,24,10,9,0.27,Aggressive
27,126233,57240,28,3,7,0.51,Moderate
34,123651,6586,2,10,8,0.32,Moderate
27,92805,32186,26,7,6,0.99,Moderate
34,179136,27928,5,4,1,0.43,Moderate
37,142813,99264,19,5,1,0.87,Moderate
41,99063,84087,1,9,6,0.9,Moderate
22,22454,88029,16,7,2,0.84,Moderate
51,40878,21711,11,4,8,0.05,Moderate
23,164063,55962,11,6,1,0.95,Moderate
70,88344,21039,29,10,2,0.13,Moderate
19,124946,37561,16,7,8,0.03,Aggressive
30,56593,76483,26,10,6,0.41,Aggressive
60,56304,98871,9,9,10,0.19,Moderate
60,181458,82395,2,4,2,0.18,Moderate
65,133613,89658,19,10,2,0.29,Moderate
28,172155,2577,17,3,7,0.25,Moderate
68,38354,29350,12,8,5,0.68,Conservative
64,42190,34798,11,1,5,0.19,Conservative
40,26142,98434,26,9,8,0.54,Aggressive
33,179470,82417,26,1,7,0.99,Moderate
48,61862,11785,29,2,9,0.43,Moderate
28,170575,73227,26,8,4,0.64,Aggressive
33,145438,62957,16,9,10,0.97,Aggressive
25,68456,66431,3,7,4,0.14,Moderate
21,120167,18297,30,3,2,0.42,Moderate
57,102035,72894,22,7,3,0.85,Moderate
21,28016,64772,9,6,1,0.93,Moderate
42,22384,20581,10,2,1,0.6,Conservative
20,166144,56192,5,3,7,0.14,Moderate
49,122239,2462,5,10,5,0.9,Conservative
20,131431,65173,26,10,3,0.17,Aggressive
44,100018,16511,8,5,7,0.35,Conservative
46,60510,77106,29,10,2,0.38,Moderate
49,41826,49665,14,4,3,0.45,Conservative
67,88026,45414,1,2,1,0.79,Conservative
68,141668,82010,3,4,8,0.8,Moderate
36,176590,73573,4,8,2,0.72,Moderate
38,44045,94665,16,5,7,0.02,Moderate
22,110102,14386,7,5,9,0.56,Moderate
35,71919,55460,7,10,6,0.75,Moderate
45,119441,7221,21,3,2,0.44,Moderate
59,178175,24474,11,8,2,0.94,Moderate
39,187260,22045,20,6,9,0.82,Moderate
38,156917,92319,7,2,10,0.64,Moderate
23,187746,5922,18,2,8,0.06,Moderate
18,138325,23706,2,9,9,0.65,Moderate
22,39337,43771,17,7,4,0.91,Moderate
58,173385,53335,20,10,4,0.38,Moderate
29,178015,99015,18,9,2,0.84,Aggressive
43,97949,53949,18,6,10,0.31,Moderate
63,20276,71714,14,5,1,0.57,Conservative
51,71151,96558,5,1,10,0.65,Moderate
66,168683,16240,15,6,4,0.68,Conservative
31,163016,92756,7,6,10,0.88,Moderate
43,72887,3716,15,3,10,0.23,Moderate
62,101442,17574,17,3,8,0.26,Conservative
44,69847,84255,19,3,2,0.7,Moderate
26,78653,74717,15,3,8,0.18,Moderate
43,76622,45066,10,7,1,0.46,Moderate
64,47810,62826,6,10,1,0.02,Moderate
39,97842,21213,16,2,4,0.14,Moderate
64,142225,72916,16,10,7,0.68,Moderate
47,30503,67151,11,10,9,0.75,Moderate
60,104761,51906,12,2,5,0.12,Moderate
65,188048,1463,9,3,2,0.23,Conservative
34,146439,32973,6,10,7,0.1,Moderate
43,31590,75694,13,7,2,0.43,Moderate
53,161958,21651,22,3,9,0.13,Moderate
18,163938,69694,0,7,9,0.44,Moderate
25,86624,21008,16,9,3,0.73,Moderate
66,183864,71474,3,10,8,0.68,Moderate
52,160836,39185,20,4,4,0.28,Moderate
69,140356,88924,4,7,3,0.67,Moderate
32,62727,75417,19,9,1,0.93,Moderate
64,98471,72139,23,8,5,0.35,Moderate
39,28068,35980,22,8,4,0.33,Moderate
31,136923,23504,24,9,1,0.57,Moderate
43,158367,55970,6,5,10,0.25,Moderate
45,192232,17766,30,5,8,0.65,Moderate
40,31390,94922,9,3,8,0.83,Moderate
31,126752,12695,16,5,8,0.46,Moderate
41,171203,18796,28,8,3,0.68,Moderate
19,114754,43543,29,5,6,0.65,Moderate
62,95969,15559,6,4,7,0.04,Moderate
43,166110,34139,0,8,9,0.18,Moderate
31,97064,9802,6,7,5,0.89,Moderate
68,41281,74843,25,6,9,0.94,Moderate
24,74189,41205,23,5,6,0.78,Moderate
20,68511,99750,10,5,10,0.92,Moderate
64,142115,35159,8,10,10,0.31,Moderate
40,28605,12516,11,2,10,0.25,Conservative
63,120318,51492,2,4,4,0.38,Conservative
60,152453,30086,30,8,1,0.06,Moderate
64,39810,31480,3,8,1,0.81,Conservative
62,175394,53091,3,1,10,0.98,Conservative
35,61869,48766,27,2,5,0.82,Moderate
55,52955,39737,24,5,3,0.55,Moderate
52,81388,10265,12,9,5,0.3,Moderate
68,30207,71990,22,10,5,0.2,Moderate
32,179292,92717,18,7,1,0.36,Aggressive
42,42031,16386,9,10,8,0.67,Moderate
54,100807,38425,4,5,5,0.45,Conservative
45,91312,44254,6,1,5,0.93,Conservative
27,79766,90863,23,6,9,0.85,Moderate
56,163521,54634,15,8,8,0.1,Moderate
34,109833,87717,0,7,1,0.13,Moderate
56,131041,48662,11,2,3,0.68,Moderate
39,136185,87988,1,5,7,0.23,Moderate
43,197164,88527,6,4,1,0.79,Moderate
61,30350,76452,10,9,1,0.59,Conservative
42,120859,11143,30,10,5,0.23,Moderate
34,88487,92391,28,1,9,0.48,Moderate
30,168694,16581,29,6,6,0.41,Aggressive
37,143853,68443,12,3,10,0.87,Moderate
42,73117,30424,30,9,2,0.03,Moderate
21,121084,89844,1,5,9,0.9,Moderate
27,43782,42984,6,6,6,0.65,Moderate
20,48454,42505,14,9,5,0.74,Moderate
58,87904,63699,24,9,5,0.0,Moderate
62,149936,27957,10,8,3,0.63,Moderate
35,166664,26464,1,9,6,0.59,Moderate
64,173245,24649,6,4,4,0.54,Conservative
53,184276,43065,3,6,10,0.79,Moderate
64,186668,93661,10,5,2,0.56,Moderate
39,185396,35758,28,5,3,0.86,Moderate
51,142258,6596,1,4,9,0.23,Moderate
64,131668,17374,28,2,9,0.81,Moderate
25,144184,4775,15,6,6,0.18,Moderate
57,181822,28388,6,9,10,0.81,Moderate
66,36566,22029,12,1,10,0.94,Conservative
61,158262,84981,4,7,9,0.34,Moderate
36,58333,54639,16,6,4,0.53,Moderate
59,141929,15645,20,3,5,0.66,Moderate
58,109571,32105,11,1,10,0.08,Moderate
54,140263,14668,27,4,6,0.49,Moderate
23,152661,16960,18,9,9,0.36,Aggressive
69,45235,12357,6,2,5,0.87,Conservative
43,20159,65604,5,3,8,0.88,Conservative
51,163217,52796,7,2,1,0.7,Conservative
62,182993,16804,12,2,5,0.66,Moderate
23,124859,15626,4,10,10,0.73,Moderate
54,167309,29132,1,8,1,0.37,Moderate
50,127507,8951,8,3,10,0.4,Moderate
70,159316,7449,29,7,6,0.55,Moderate
39,34743,20065,10,8,7,0.94,Moderate
38,66101,10130,23,3,5,0.72,Conservative
23,141534,90360,5,2,1,0.55,Moderate
23,104227,63287,28,8,6,0.77,Aggressive
65,91126,52702,25,3,10,0.37,Moderate
21,76071,37993,6,7,5,0.73,Moderate
47,94763,32875,24,1,6,0.41,Conservative
28,163309,7054,6,6,10,0.28,Moderate
47,166721,49517,18,9,7,0.61,Moderate
48,188785,77368,5,3,7,0.69,Moderate
41,196481,30670,10,7,2,0.46,Moderate
26,199838,50112,28,6,3,0.57,Aggressive
20,66154,89388,10,8,6,0.69,Moderate
68,27016,90156,6,3,3,0.77,Conservative
48,199760,29307,1,3,2,0.9,Moderate
57,109678,68087,18,4,4,0.35,Moderate
54,132056,48922,3,3,5,0.95,Conservative
53,74238,64080,25,9,10,0.64,Moderate
41,78608,94348,5,4,9,0.79,Moderate
48,109081,80335,16,6,3,0.7,Moderate
23,182969,27312,24,8,3,0.21,Aggressive
19,70961,67985,4,8,6,0.07,Aggressive
37,195829,58608,28,5,5,0.73,Moderate
45,46917,90962,27,5,6,0.51,Moderate
28,173808,41277,29,6,7,0.7,Aggressive
21,47990,32551,6,10,3,0.48,Moderate
32,82551,90813,8,7,5,0.31,Moderate
23,173512,57597,24,10,8,0.29,Aggressive
66,186277,46212,0,7,4,0.73,Moderate
47,100811,10637,30,4,10,0.28,Moderate
55,75103,44258,0,6,2,0.71,Conservative
68,192699,36693,18,7,4,0.38,Moderate
19,126122,10824,5,5,2,0.77,Conservative
32,39008,27950,17,5,3,0.14,Moderate
28,52402,24488,9,2,4,0.2,Moderate
25,156865,1215,27,7,4,0.69,Moderate
43,156643,12523,10,6,10,0.56,Moderate
68,167281,76900,0,1,9,0.2,Moderate
62,133550,69689,0,4,10,0.9,Moderate
61,194220,24834,12,3,6,0.28,Conservative
22,111218,35474,4,3,9,0.42,Moderate
23,153296,44066,19,7,4,0.2,Moderate
43,199767,11400,0,10,9,0.39,Moderate
21,140779,11345,19,4,9,0.49,Moderate
36,149714,34896,2,8,6,0.3,Moderate
37,52441,86430,17,9,5,0.77,Aggressive
50,190201,29899,8,3,3,0.39,Moderate
37,82368,29229,13,5,5,0.73,Moderate
66,112122,6583,30,4,3,0.21,Moderate
29,64760,5897,26,10,5,0.38,Moderate
64,43478,72537,16,6,5,0.01,Moderate
18,147881,5567,22,10,2,0.76,Moderate
43,91854,75807,13,4,9,0.63,Moderate
31,114230,78239,28,8,7,0.82,Moderate
55,105716,14329,3,3,6,0.46,Moderate
54,163252,72792,4,5,5,0.8,Moderate
28,118538,1228,25,1,4,0.65,Moderate
53,35372,91282,20,6,8,0.0,Moderate
30,49796,83214,16,5,2,0.25,Moderate
60,118826,38052,21,8,8,0.49,Moderate
20,140592,58769,28,9,1,0.62,Aggressive
50,113635,47032,24,8,10,0.07,Aggressive
23,131022,89721,1,8,1,0.71,Moderate
67,74040,34686,22,3,3,0.54,Moderate
27,95357,77981,21,4,5,0.53,Moderate
22,98356,99802,4,4,6,0.29,Moderate
40,36211,64261,3,5,4,0.59,Conservative
27,125426,3809,3,9,7,0.03,Moderate
61,25842,42785,5,9,7,0.06,Conservative
19,86852,37547,19,10,2,0.73,Moderate
30,145737,43818,20,1,2,0.32,Moderate
57,65968,72927,12,8,2,0.35,Moderate
19,37508,66681,21,1,2,0.21,Moderate
37,173077,80465,4,2,9,0.45,Moderate
18,74575,90862,22,7,5,0.05,Aggressive
54,170043,96527,24,8,8,0.3,Aggressive
26,176671,38333,25,1,5,0.53,Moderate
34,86914,17576,22,3,5,0.47,Moderate
26,87055,40405,6,7,1,1.0,Conservative
28,107697,95000,19,9,6,0.39,Aggressive
32,126239,74779,0,8,4,0.39,Moderate
41,143106,32601,13,8,3,0.5,Moderate
55,25355,68946,23,9,6,0.19,Moderate
52,74120,68356,3,10,2,0.88,Moderate
47,58342,53116,16,3,8,0.57,Moderate
48,22257,63894,20,8,1,0.19,Moderate
66,47364,35635,13,1,9,0.79,Conservative
22,176044,8465,15,8,8,0.03,Moderate
61,131715,57754,13,7,1,0.98,Moderate
67,46654,98975,15,8,10,0.87,Moderate
31,101423,93850,23,1,9,0.58,Moderate
70,49320,86119,19,6,2,0.11,Moderate
28,40808,93691,28,7,3,0.22,Moderate
26,72389,39871,27,5,2,0.28,Moderate
51,138581,63874,7,5,8,0.24,Moderate
29,147927,78733,23,7,2,0.5,Moderate
52,54773,30511,2,3,10,0.94,Conservative
52,178819,81960,24,6,2,0.44,Moderate
18,96396,49821,18,7,1,0.66,Moderate
57,127692,66776,0,1,7,0.69,Conservative
39,77505,71167,1,2,2,0.87,Conservative
46,105896,76135,14,4,10,0.03,Moderate
25,38135,45462,21,8,5,0.4,Moderate
28,110887,62382,27,10,5,0.78,Moderate
58,142118,91194,9,6,3,0.81,Moderate
54,67377,33574,17,1,3,0.93,Conservative
31,174626,42910,21,10,3,0.7,Aggressive
47,82491,74531,13,5,6,0.25,Moderate
52,78283,26186,16,7,4,0.51,Moderate
38,36923,95781,26,6,3,0.03,Moderate
54,67591,23813,12,9,2,0.65,Conservative
22,82261,79812,0,8,3,0.55,Moderate
36,74336,86525,4,4,4,0.67,Moderate
31,94083,79282,25,5,6,0.93,Moderate
43,80948,19557,12,7,4,0.69,Conservative
21,184074,29060,26,8,8,0.32,Aggressive
42,46672,59866,24,5,3,0.2,Moderate
62,24213,73104,13,9,3,0.85,Conservative
59,161365,85577,23,10,3,0.19,Aggressive
42,82507,7080,2,4,8,0.16,Moderate
35,77134,14854,14,4,4,0.21,Moderate
57,153172,68695,18,8,1,0.51,Moderate
25,48172,28025,30,1,2,0.12,Moderate
56,40132,53982,16,8,10,0.94,Moderate
57,38199,42081,29,5,2,0.97,Conservative
31,56609,5368,2,1,3,0.97,Conservative
49,194037,28094,15,4,6,0.04,Moderate
68,159088,47040,30,2,8,0.95,Moderate
55,190851,67766,13,4,1,1.0,Moderate
50,51881,84053,11,8,9,0.94,Moderate
40,44472,24991,27,5,1,0.67,Moderate
32,187093,2301,11,1,10,0.7,Moderate
50,74131,29610,28,7,2,0.12,Moderate
42,175159,82463,10,1,3,0.87,Moderate
34,32828,35678,16,9,7,0.06,Moderate
50,116664,25466,7,3,9,0.32,Conservative
64,152473,81440,16,3,3,0.99,Moderate
19,35193,41875,20,6,8,0.42,Moderate
31,195936,27081,24,10,9,0.13,Aggressive
70,171379,25354,22,6,10,0.97,Moderate
57,122518,94297,19,6,7,0.98,Moderate
57,39611,19300,10,1,4,0.19,Conservative
68,194863,65384,24,5,4,0.86,Moderate
56,163022,96027,24,6,4,0.39,Moderate
68,96240,61892,1,8,6,0.38,Moderate
23,22745,36525,9,1,4,0.26,Moderate
23,75243,27532,9,5,5,0.04,Moderate
20,23866,7464,10,3,9,0.27,Moderate
24,183317,17562,27,2,7,0.05,Moderate
68,195796,56514,5,8,8,0.92,Moderate
25,148681,75219,3,7,5,0.66,Moderate
59,91354,33634,23,10,5,0.89,Moderate
69,71374,1060,11,7,7,0.72,Conservative
32,134397,10269,10,5,8,0.13,Moderate
64,144577,64143,22,9,9,0.94,Moderate
46,181188,24065,22,5,2,0.9,Moderate
50,101029,3895,26,2,3,0.35,Conservative
69,113574,81859,25,3,2,0.11,Moderate
47,171519,13352,24,4,10,0.7,Moderate
56,50431,50737,12,5,7,0.73,Moderate
44,168980,97426,4,3,2,0.9,Moderate
53,49336,33016,5,7,2,0.05,Conservative
46,60992,62304,0,5,2,0.14,Moderate
55,75350,12962,5,5,4,0.6,Conservative
50,89561,34302,17,6,1,0.62,Conservative
54,71955,86382,21,7,2,0.03,Moderate
44,81240,5011,8,10,3,0.4,Moderate
50,171165,20782,23,10,7,0.58,Moderate
21,157227,68691,24,8,10,0.74,Aggressive
39,66607,40725,28,9,1,0.32,Moderate
19,184559,10196,14,4,6,0.48,Moderate
27,172035,44459,25,5,3,0.81,Moderate
22,72870,88245,7,5,3,0.95,Moderate
27,84110,79863,18,8,4,0.23,Moderate
50,172008,33769,23,9,4,0.25,Moderate
55,136895,25700,15,7,7,0.94,Moderate
30,24426,81356,5,5,3,0.4,Moderate
48,47606,77427,28,3,8,0.72,Moderate
64,198904,6269,5,1,8,0.61,Moderate
53,48151,44880,21,9,7,0.29,Moderate
62,31308,9320,2,5,2,0.65,Conservative
41,196743,50589,9,9,5,0.66,Moderate
69,110306,77276,0,10,6,0.59,Moderate
32,126984,36897,27,4,10,0.1,Aggressive
46,22204,59565,13,5,4,1.0,Moderate
25,112769,31930,3,4,10,0.4,Moderate
22,107265,58233,25,2,5,0.64,Moderate
46,51131,83821,11,1,9,0.89,Moderate
64,72428,15380,5,8,7,0.42,Conservative
21,53870,77896,10,4,2,0.77,Moderate
29,123547,71934,11,5,1,0.97,Moderate
62,69067,56830,9,6,2,0.36,Conservative
19,132217,6529,17,8,3,0.41,Moderate
44,172679,95598,6,8,2,0.91,Moderate
48,176040,83987,6,7,3,0.16,Moderate
68,118934,50178,10,4,10,0.03,Moderate
68,162980,7937,3,6,9,0.91,Moderate
53,177495,40886,19,4,4,0.82,Moderate
53,94707,50699,30,7,9,0.97,Moderate
43,81215,77396,0,1,3,0.06,Moderate
60,69429,91678,12,5,1,0.16,Moderate
44,102152,26279,17,10,5,0.11,Moderate
22,128048,39106,8,10,10,0.68,Moderate
37,189530,80737,25,4,10,0.61,Moderate
28,197241,41544,23,7,2,0.36,Moderate
27,158731,9997,23,9,4,0.06,Aggressive
57,97240,86711,8,5,2,0.64,Moderate
55,183865,41860,30,4,2,0.57,Moderate
23,133688,4225,22,9,3,0.11,Moderate
25,66473,60470,28,5,5,0.91,Moderate
40,116762,64656,8,9,4,0.2,Moderate
64,126956,52880,9,8,2,0.74,Moderate
43,138452,62078,27,4,10,0.89,Moderate
63,146311,89646,1,7,2,0.58,Moderate
60,27006,77290,5,5,6,0.25,Moderate
29,94218,57633,14,10,7,0.31,Aggressive
43,184912,27655,2,4,10,0.89,Moderate
30,52430,44601,10,5,6,0.3,Moderate
57,43091,4114,30,5,7,0.75,Moderate
35,184055,27502,5,9,1,0.99,Moderate
42,43989,50768,2,9,6,1.0,Conservative
50,95451,49128,23,6,3,0.53,Moderate
64,38990,21028,30,4,1,0.83,Conservative
57,110270,56565,10,2,8,0.99,Conservative
60,100360,84123,14,3,4,0.37,Moderate
29,56081,36333,12,2,10,0.25,Moderate
61,162105,4174,19,5,8,0.11,Moderate
53,128272,36398,27,6,10,0.14,Moderate
65,36241,36929,9,5,4,0.85,Conservative
21,144932,5321,5,2,4,0.59,Moderate
22,25939,96971,14,5,10,0.87,Moderate
54,133000,56421,24,9,4,0.79,Moderate
25,198634,73635,17,4,6,0.67,Aggressive
59,55063,24760,17,10,9,0.61,Moderate
66,178117,12360,6,2,5,0.05,Conservative
45,195841,11313,14,3,10,0.87,Moderate
48,67118,86998,17,3,8,0.42,Moderate
26,104703,6801,17,9,8,0.56,Moderate
68,172697,15130,19,4,4,0.02,Moderate
46,148557,15271,8,1,10,0.94,Conservative
31,47076,17075,23,1,9,0.9,Moderate
57,64605,19984,1,7,9,0.54,Moderate
58,104565,89095,7,7,5,0.58,Moderate
39,59121,61942,19,2,6,0.71,Moderate
28,51433,13861,1,9,5,0.26,Moderate
40,63309,99970,10,9,3,0.22,Moderate
18,87468,83203,25,5,8,0.67,Aggressive
63,195326,72376,6,3,9,0.1,Moderate
54,87293,62247,5,3,4,0.45,Conservative
38,116258,70101,29,3,9,0.49,Moderate
43,188925,21977,9,6,9,0.38,Moderate
63,58405,51617,4,4,7,0.19,Conservative
53,63527,58473,10,8,8,0.36,Moderate
40,97227,87654,0,5,3,0.34,Moderate
18,151564,89177,1,1,5,0.5,Moderate
68,159883,73902,23,9,3,0.67,Moderate
57,113344,93172,0,1,7,0.97,Conservative
32,175344,16630,18,6,6,0.14,Moderate
38,67153,21056,1,1,3,0.87,Conservative
64,128042,8382,20,3,9,0.28,Moderate
26,74110,56739,19,10,1,0.59,Moderate
70,165051,82685,28,5,10,0.55,Moderate
26,48328,49639,22,10,3,0.56,Moderate
27,132911,60838,20,7,10,0.72,Moderate
69,32867,47041,23,10,7,0.38,Moderate
70,79234,1992,3,8,3,0.32,Conservative
43,45851,73394,30,9,3,0.85,Moderate
58,51279,68657,11,6,2,0.22,Conservative
52,93402,28160,21,9,9,0.18,Moderate
69,35449,46156,19,8,4,0.02,Moderate
42,96221,52375,17,9,10,0.21,Moderate
43,109080,87442,0,10,6,0.52,Moderate
28,25451,20572,29,4,2,0.54,Moderate
55,107178,5136,29,9,9,0.25,Moderate
19,192388,62868,0,7,7,0.07,Moderate
24,83761,83263,23,5,10,0.74,Moderate
35,58870,33167,13,5,5,0.76,Moderate
44,116566,16479,3,1,7,1.0,Conservative
51,143749,32376,4,2,4,0.9,Conservative
44,143765,5823,10,10,10,0.93,Moderate
34,144881,71456,23,3,7,0.8,Moderate
60,181945,20585,27,8,2,0.62,Moderate
61,148389,18272,30,6,7,0.13,Moderate
68,45372,27619,22,10,4,0.62,Conservative
41,23642,76069,12,5,4,0.06,Moderate
42,179073,40895,15,1,1,0.89,Moderate
24,54064,4720,23,9,3,0.48,Moderate
69,34122,20267,12,3,5,0.7,Conservative
23,175892,16696,23,3,5,0.05,Moderate
70,88431,30968,21,2,2,0.53,Conservative
41,75745,54364,25,4,4,0.3,Moderate
50,70081,24345,1,2,1,0.28,Conservative
66,159783,52567,15,9,9,0.39,Moderate
46,169865,92229,5,10,1,0.0,Aggressive
60,159271,62607,13,7,6,0.47,Moderate
39,96253,20385,0,8,7,0.49,Moderate
43,56191,84658,16,3,3,0.86,Conservative
45,30211,67900,10,6,1,0.45,Moderate
67,131086,69244,18,10,7,0.36,Moderate
38,172614,66425,2,6,3,0.99,Moderate
66,182384,79518,10,1,10,0.57,Moderate
24,196314,83844,28,6,6,0.47,Aggressive
34,121971,33919,4,3,6,0.5,Moderate
37,113783,91697,16,3,4,0.81,Moderate
58,145681,58196,25,3,6,0.34,Moderate
66,107893,80401,21,10,10,0.39,Moderate
37,178763,1495,6,10,4,0.76,Moderate
39,97960,45755,9,8,8,0.07,Moderate
45,104388,68684,27,5,9,0.87,Moderate
57,42601,34324,28,4,2,0.43,Moderate
66,169092,79929,10,9,7,0.58,Moderate
24,159227,2552,2,9,9,0.76,Moderate
18,187849,52272,19,1,9,0.27,Aggressive
49,39710,36853,9,2,5,0.89,Conservative
30,128714,33924,26,8,1,0.98,Moderate
47,175604,75462,9,5,6,0.49,Moderate
40,148727,97387,13,7,8,0.94,Moderate
68,169673,24889,11,1,1,0.0,Conservative
36,83227,55675,14,10,2,0.89,Moderate
49,156039,74591,9,5,1,0.31,Moderate
47,104289,71190,29,3,5,0.31,Moderate
46,171094,23634,9,10,2,0.23,Moderate
66,194535,33363,25,2,10,0.32,Moderate
62,25722,64752,18,2,10,0.21,Conservative
46,178485,78004,0,9,4,0.91,Moderate
47,101050,57398,23,4,1,0.9,Conservative
33,103596,99458,28,4,7,0.1,Moderate
57,86732,41718,25,7,8,0.14,Moderate
36,163369,83916,9,10,5,0.86,Moderate
35,88323,27870,1,10,2,0.4,Moderate
18,43816,38394,16,2,8,0.17,Moderate
31,60695,53057,29,3,1,0.51,Moderate
68,170774,80795,23,3,7,0.42,Moderate
64,176314,81409,6,6,1,0.22,Moderate
67,75841,14016,6,3,6,0.72,Conservative
19,148498,43137,19,5,6,0.63,Moderate
45,127096,1153,26,4,5,0.1,Moderate
66,112764,8853,8,3,2,0.93,Conservative
67,105744,13379,21,8,2,0.56,Conservative
47,48482,16792,1,10,9,0.25,Moderate
55,29171,39367,13,3,5,0.21,Conservative
68,120755,19100,16,6,5,0.14,Moderate
21,128125,64456,0,7,7,0.42,Moderate
18,150722,12049,8,7,6,0.14,Moderate
25,126082,1786,19,2,2,0.42,Moderate
46,23696,70904,20,3,1,0.15,Moderate
56,146310,31699,18,10,5,0.66,Moderate
20,171130,48691,3,10,4,0.79,Moderate
49,171385,38040,27,4,3,0.55,Moderate
27,39149,93990,7,7,2,0.68,Moderate
27,150064,58986,12,2,10,0.94,Moderate
36,73521,39762,3,3,2,0.64,Conservative
63,65740,24600,8,7,4,0.36,Conservative
51,126611,95774,8,7,2,0.45,Moderate
50,156028,91777,21,10,4,0.86,Moderate
40,86641,20810,17,3,3,0.13,Moderate
45,83811,86703,11,1,9,0.33,Moderate
49,83232,88347,9,3,7,0.58,Moderate
67,35417,58204,10,5,3,0.68,Conservative
24,175801,21085,6,7,8,0.76,Moderate
46,132492,47854,8,4,9,0.32,Moderate
25,50099,75797,5,1,7,0.15,Moderate
18,181033,85269,18,6,6,0.95,Aggressive
20,163674,40779,15,2,4,0.08,Moderate
41,138474,57207,29,3,5,0.1,Aggressive
40,29256,95615,14,4,8,0.49,Moderate
25,54681,34980,6,6,3,0.82,Moderate
64,111328,57117,15,6,2,0.77,Conservative
54,63361,15141,4,7,3,0.94,Conservative
20,54540,10344,15,5,7,0.14,Moderate
68,177608,16896,0,7,8,0.38,Conservative
50,104700,90353,18,2,1,0.28,Moderate
45,98532,30813,4,1,7,0.86,Conservative
64,147626,85431,6,10,9,0.49,Moderate
25,153943,66679,18,8,3,0.03,Aggressive
51,66002,11681,21,1,3,0.71,Conservative
52,69812,73903,4,2,8,0.39,Conservative
49,173698,4228,28,10,4,0.53,Moderate
41,128946,5582,16,6,8,0.89,Moderate
31,86668,79683,25,1,5,0.26,Moderate
49,119003,12397,21,10,3,0.24,Moderate
63,62998,39799,29,3,4,0.26,Moderate
60,124601,38011,7,7,4,0.34,Conservative
33,196679,80183,28,8,8,0.11,Aggressive
21,27812,94254,28,4,6,0.7,Moderate
69,81844,45264,0,3,7,0.21,Conservative
54,153251,43317,1,1,9,0.93,Conservative
38,194870,48914,29,9,6,0.22,Aggressive
31,94601,85633,14,10,3,0.26,Moderate
48,159347,46254,19,6,3,0.3,Moderate
65,67857,41096,27,6,3,0.77,Conservative
35,145555,54785,17,9,10,0.43,Aggressive
24,40700,53344,10,1,2,0.82,Conservative
27,190536,83643,24,6,1,0.78,Moderate
24,193423,69546,9,5,10,0.93,Moderate
50,113330,72091,23,6,1,0.76,Moderate
40,164941,66603,23,8,4,0.05,Moderate
38,172026,29412,3,5,3,0.84,Conservative
36,182627,52658,4,2,5,0.94,Moderate
65,83353,50549,3,2,9,0.99,Conservative
36,196098,12549,12,10,8,0.13,Moderate
53,120772,72216,24,5,9,0.61,Moderate
46,198048,26739,12,3,5,0.2,Moderate
35,111502,22209,17,10,8,0.26,Aggressive
19,133943,88968,28,3,4,0.75,Moderate
18,129850,16116,26,8,5,0.98,Moderate
64,65095,21045,23,7,3,0.59,Conservative
22,165342,27327,1,1,5,0.85,Moderate
37,181980,36709,15,5,3,0.01,Moderate
28,35523,44617,0,9,5,0.04,Moderate
59,82433,61139,25,4,5,0.6,Moderate
19,198140,27905,18,1,6,0.39,Moderate
20,39991,65148,8,8,9,0.89,Moderate
40,30775,73603,27,5,1,0.3,Moderate
29,104995,99095,2,2,10,0.43,Moderate
37,167745,43919,24,1,6,0.53,Moderate
22,142808,84521,6,3,1,0.27,Moderate
54,178128,93905,28,9,6,0.91,Aggressive
55,157686,84400,9,1,2,0.46,Moderate
47,27415,89150,0,4,8,0.42,Moderate
26,194956,59446,9,8,3,0.85,Moderate
51,168036,53428,20,8,10,0.31,Moderate
70,188798,48894,8,10,6,0.82,Moderate
61,57044,82149,27,8,6,0.12,Moderate
52,188616,7447,14,10,4,0.18,Moderate
69,69976,6499,14,8,5,0.95,Conservative
39,183324,40041,2,4,2,0.84,Conservative
61,23832,32315,24,8,10,0.39,Moderate
41,54148,2299,4,9,10,0.64,Moderate
34,132230,5994,8,7,8,0.94,Moderate
27,105076,96414,25,2,10,0.21,Moderate
47,58402,82163,21,9,7,0.06,Moderate
63,58578,8489,8,8,10,0.54,Conservative
40,110453,92647,22,5,6,0.14,Moderate
49,173390,33355,6,3,7,0.19,Moderate
34,95715,74805,23,7,1,0.89,Moderate
67,131435,69367,22,2,5,0.01,Moderate
68,171538,78355,11,3,7,0.82,Moderate
34,115742,91349,24,9,1,0.52,Moderate
31,65475,88173,26,4,2,0.56,Moderate
26,80142,2996,8,4,9,0.67,Conservative
57,177636,45387,5,3,3,0.43,Conservative
19,173484,4089,22,5,6,0.12,Moderate
62,113526,99827,1,3,7,0.1,Moderate
42,71001,21659,30,9,9,0.75,Moderate
56,77649,46178,8,3,5,0.22,Conservative
26,186589,96965,27,2,4,0.03,Aggressive
39,164228,82268,28,5,2,0.98,Moderate
60,174136,86042,16,6,3,0.98,Moderate
63,45711,71726,0,1,5,0.38,Conservative
21,50106,71111,18,6,2,0.03,Moderate
43,85458,35565,27,10,4,0.73,Moderate
46,167661,90242,5,3,1,0.83,Moderate
62,150429,23884,4,4,4,0.13,Conservative
51,121754,18199,30,6,7,0.14,Moderate
40,158286,61038,1,8,3,0.82,Moderate
54,146479,58786,8,9,10,0.92,Moderate
28,178199,50294,29,6,8,0.79,Aggressive
23,156213,79015,28,7,6,0.2,Aggressive
35,48884,35178,25,5,6,0.41,Moderate
38,22708,13665,13,9,1,0.6,Moderate
59,38375,1534,3,4,5,0.16,Conservative
53,35088,92828,3,10,3,0.21,Moderate
58,77615,37132,20,6,10,0.28,Moderate
55,130138,37110,14,5,1,0.51,Moderate
51,196118,59754,7,1,8,0.51,Moderate
34,30014,64580,25,5,7,0.81,Moderate
54,154345,23469,3,5,7,0.75,Conservative
42,198207,65016,15,9,10,0.91,Aggressive
55,122842,47233,20,1,10,0.83,Moderate
29,181953,67708,27,5,10,0.25,Aggressive
40,98077,59232,3,7,4,0.33,Moderate
70,159784,94450,29,6,6,0.5,Moderate
59,72874,87437,15,6,9,0.01,Moderate
39,89087,35409,21,7,3,0.9,Moderate
38,32297,20324,11,6,9,0.04,Moderate
44,47128,9738,15,5,4,0.32,Moderate
48,88368,25054,18,10,5,0.57,Moderate
23,98958,30709,7,5,7,0.52,Moderate
44,52920,86643,5,9,6,0.65,Moderate
57,162228,1363,9,8,10,0.53,Moderate
51,162180,11358,4,10,8,0.23,Moderate
29,182917,4240,28,4,8,0.2,Moderate
62,153872,73201,30,4,8,0.91,Moderate
70,193784,46689,17,10,3,0.26,Moderate
24,153682,2936,9,5,10,0.28,Moderate
27,97603,92074,9,3,6,0.41,Moderate
62,53872,44965,6,8,7,0.14,Moderate
34,30728,78534,17,7,9,0.51,Moderate
43,115102,1882,0,5,10,0.67,Conservative
38,142049,21224,6,10,10,0.79,Moderate
45,40583,31825,20,3,4,0.71,Moderate
63,105774,71740,0,5,5,0.15,Moderate
19,158335,29885,14,3,8,0.46,Moderate
60,146374,41056,3,10,1,0.04,Moderate
18,170528,4203,27,5,6,0.02,Aggressive
68,111118,61241,28,1,4,0.44,Moderate
70,85942,3244,19,6,5,0.25,Moderate
53,33689,99322,9,10,5,0.68,Moderate
68,184006,69619,22,4,2,0.72,Moderate
43,53276,22584,8,4,8,0.9,Conservative
46,121968,9521,1,8,2,0.76,Conservative
38,170945,51017,27,2,4,0.05,Moderate
28,33050,34541,13,4,5,0.37,Moderate
57,86216,30063,15,2,1,0.27,Conservative
28,104040,71268,0,1,6,0.39,Moderate
53,41644,65952,1,10,2,0.16,Moderate
66,82021,94054,6,3,5,0.1,Moderate
56,188197,40563,28,8,6,0.52,Moderate
57,62291,40752,9,6,8,0.72,Moderate
52,186132,96233,21,7,9,0.7,Moderate
51,152610,3567,19,2,6,0.45,Moderate
64,187248,17121,0,6,5,0.52,Conservative
41,61520,2674,12,8,4,0.52,Conservative
39,45675,77411,0,8,2,0.69,Conservative
22,169359,67275,4,4,2,0.05,Moderate
50,20174,68081,15,6,7,0.71,Moderate
53,112268,30140,14,5,5,0.58,Moderate
64,54998,10327,16,9,7,0.2,Moderate
37,163184,71663,27,8,1,0.05,Moderate
36,125410,24331,30,2,1,0.11,Moderate
52,95225,24004,22,7,5,0.52,Moderate
69,64814,11492,15,7,2,0.76,Conservative
60,105091,55797,12,1,8,0.33,Conservative
34,70719,59095,10,1,3,0.38,Moderate
62,149887,14749,16,4,1,0.93,Conservative
60,53919,64217,16,5,2,0.21,Moderate
51,93155,90044,1,4,10,0.1,Moderate
26,91569,10045,12,7,10,0.34,Moderate
43,61328,21116,13,3,7,0.75,Conservative
19,44618,19667,10,7,6,0.63,Moderate
70,54675,76057,27,8,8,0.42,Moderate
26,38919,75205,9,6,7,0.96,Moderate
26,24173,28302,2,6,10,0.73,Moderate
57,129369,12283,28,8,8,0.06,Moderate
34,46400,31935,26,8,3,0.74,Moderate
18,90305,73534,30,7,6,0.02,Aggressive
42,188636,95342,16,6,7,0.65,Moderate
60,196886,32624,14,6,10,0.21,Moderate
57,108791,14440,8,10,1,0.7,Conservative
59,179034,47501,9,6,1,0.31,Moderate
42,90533,88333,7,8,7,0.87,Moderate
56,123591,2269,20,1,3,0.34,Conservative
52,161650,8868,12,5,3,0.62,Conservative
20,151060,31251,26,3,5,0.29,Moderate
67,169696,78909,17,8,6,0.92,Moderate
54,59194,85523,4,6,2,0.78,Moderate
61,129903,39729,5,2,3,0.24,Conservative
61,151461,16734,29,7,6,0.95,Moderate
68,119303,43429,30,7,3,0.36,Moderate
47,133903,42337,16,5,5,0.65,Conservative
55,87391,41325,10,8,9,0.74,Moderate
51,164866,84600,19,5,3,0.02,Moderate
29,78002,63514,15,1,6,0.96,Moderate
36,55531,9433,8,9,5,0.34,Moderate
54,24986,10111,1,4,5,0.19,Conservative
61,52298,64753,4,2,6,0.85,Conservative
66,21481,81583,0,4,6,0.7,Conservative
34,76408,74620,3,9,1,0.09,Moderate
27,141950,22751,3,2,9,0.12,Moderate
66,167907,17453,21,4,5,0.72,Moderate
64,145355,86844,25,2,1,0.07,Moderate
29,47798,39968,24,5,8,0.92,Moderate
33,111649,31077,2,3,7,0.74,Moderate
41,84887,35775,8,10,7,0.34,Moderate
36,39477,59144,21,2,5,0.36,Moderate
25,168338,49570,22,9,1,0.51,Moderate
48,147815,47097,11,5,9,0.36,Moderate
38,194598,25503,9,10,9,0.78,Moderate
34,147426,3779,1,5,8,0.97,Moderate
40,162961,87840,10,1,5,0.58,Moderate
54,44335,1755,9,6,3,0.45,Conservative
33,162326,40263,29,7,8,0.22,Moderate
23,106610,56087,21,1,1,0.65,Moderate
25,31442,43281,5,9,3,0.69,Conservative
42,66289,52482,17,8,7,0.69,Moderate
35,73747,55857,1,8,4,0.03,Moderate
42,57327,18400,29,7,7,0.9,Moderate
29,167271,41115,1,5,5,0.34,Moderate
32,92827,15249,9,3,6,0.74,Moderate
43,126464,47825,15,9,7,0.76,Moderate
58,151184,25600,11,7,10,0.65,Moderate
62,107051,38706,0,10,7,0.39,Moderate
43,170653,20222,20,10,7,0.61,Moderate
64,79722,42139,7,8,7,0.04,Moderate
49,112036,42302,15,6,7,0.76,Moderate
27,167595,95684,17,5,3,0.1,Moderate
33,86960,88838,12,8,3,0.4,Moderate
24,39552,69159,14,3,7,0.1,Moderate
34,161880,9646,20,7,2,0.84,Moderate
40,174692,14543,11,2,2,0.55,Conservative
43,20887,95496,7,3,3,0.69,Conservative
38,51802,23785,9,2,4,0.68,Conservative
39,105024,79353,13,5,6,0.84,Moderate
24,138639,32406,4,7,8,0.13,Moderate
31,138248,89992,17,10,10,0.66,Aggressive
32,101938,52428,18,10,10,0.58,Aggressive
70,142746,24777,14,1,7,0.03,Conservative
24,46049,58939,5,10,4,0.2,Moderate
26,97789,54026,26,9,2,0.27,Moderate
68,104526,87450,10,1,2,0.07,Moderate
65,158918,30553,20,1,4,0.35,Conservative
25,66220,24548,10,10,6,0.03,Moderate
67,66163,64221,19,8,3,0.55,Moderate
40,154837,38265,19,6,6,0.21,Moderate
46,137126,41701,20,6,5,0.29,Moderate
35,101486,52287,17,9,5,0.91,Moderate
48,196342,7727,24,4,2,0.5,Moderate
47,95277,51717,17,8,8,0.27,Moderate
69,124245,33427,9,4,5,0.6,Conservative
56,142332,17692,1,2,2,0.2,Conservative
52,42931,32625,25,8,7,0.07,Moderate
35,109116,25918,29,7,9,0.02,Aggressive
59,75633,42136,8,4,9,0.95,Conservative
56,71913,53409,13,9,1,0.72,Moderate
34,114776,16577,18,9,7,0.8,Aggressive
31,45991,86155,30,8,9,0.98,Moderate
48,124092,82731,9,1,6,0.93,Moderate
41,161633,28689,22,7,1,0.74,Moderate
52,167973,12154,3,5,2,0.69,Moderate
61,115556,95948,28,7,4,0.34,Moderate
62,82875,22341,28,9,4,0.1,Moderate
51,176989,98554,5,2,2,0.57,Moderate
20,82120,75681,13,4,8,0.58,Moderate
54,153060,47330,3,4,2,0.95,Conservative
60,130041,88759,25,2,3,0.44,Moderate
57,148467,69416,14,3,4,0.69,Moderate
43,165328,87807,15,8,9,0.57,Aggressive
40,138490,34313,6,9,10,0.18,Moderate
61,146155,47900,16,6,1,0.59,Moderate
56,48230,79840,18,10,8,0.54,Moderate
32,79778,35695,28,2,5,0.49,Moderate
66,65833,31225,18,2,7,0.51,Conservative
21,42625,87072,16,7,8,0.16,Aggressive
46,52088,97367,5,8,5,0.46,Moderate
39,192239,50156,30,8,8,0.61,Aggressive
42,123937,78209,28,6,10,0.49,Aggressive
30,96361,88453,10,10,8,0.49,Moderate
35,108229,28829,15,8,9,0.08,Moderate
50,155189,81908,29,1,2,0.19,Moderate
33,110265,26938,24,9,3,0.32,Aggressive
62,117718,60164,7,1,1,0.42,Conservative
59,80710,55530,10,3,4,0.59,Conservative
61,114876,69199,6,9,5,0.86,Moderate
19,50949,61282,25,5,1,0.16,Moderate
52,173619,48801,23,9,8,0.02,Aggressive
59,88136,10465,21,9,2,0.45,Moderate
51,131541,4326,24,6,1,0.43,Moderate
47,81842,4659,18,1,2,0.55,Conservative
30,46990,61289,30,10,5,0.83,Moderate
30,167265,28594,25,7,9,0.8,Moderate
35,50109,5763,9,6,9,0.1,Moderate
49,150356,89657,8,9,2,0.93,Moderate
49,170305,11828,3,7,2,0.11,Moderate
52,148133,48588,22,4,3,0.63,Moderate
56,185582,12221,14,7,7,0.67,Moderate
63,21306,12211,12,2,3,0.68,Conservative
69,23849,14569,24,6,1,0.27,Conservative
46,32360,97894,1,6,6,0.33,Moderate
66,131072,38860,1,2,3,0.55,Conservative
46,114767,72558,15,4,1,0.2,Moderate
70,196872,46337,8,8,4,0.02,Moderate
61,188035,53311,27,8,1,0.56,Moderate
33,74330,14515,12,8,1,0.47,Moderate
61,71707,72695,2,8,2,0.66,Moderate
64,38689,88227,8,1,10,0.15,Moderate
27,49084,25904,12,2,8,0.84,Conservative
47,60387,60935,30,4,2,0.15,Moderate
42,94816,44790,20,9,2,0.89,Moderate
56,22642,69580,21,3,10,0.45,Moderate
37,62137,76148,1,6,10,0.55,Moderate
22,82260,6636,7,7,8,0.9,Moderate
18,166510,78129,26,8,6,0.3,Aggressive
47,68442,3892,8,7,4,0.18,Moderate
66,123061,22672,15,3,3,0.45,Conservative
20,154066,6812,1,6,1,0.24,Moderate
62,145844,97621,5,5,3,0.53,Moderate
31,119575,1654,21,10,9,0.28,Moderate
47,21813,55633,7,4,5,0.86,Conservative
67,113027,18143,25,1,6,0.61,Conservative
21,143489,56934,27,7,5,0.0,Aggressive
35,104381,68334,4,8,1,0.81,Moderate
54,75276,30087,8,2,10,0.33,Moderate
42,61243,12618,0,7,1,0.32,Moderate
65,80272,9446,8,6,4,0.38,Conservative
18,193123,88182,9,5,3,0.63,Moderate
70,85618,49867,22,4,8,0.44,Moderate
63,21920,52028,3,2,7,0.63,Conservative
32,126121,61101,2,10,7,0.15,Moderate
26,96872,28200,29,6,8,0.97,Moderate
32,101132,96107,9,5,10,0.73,Moderate
66,22093,89074,14,2,7,0.25,Moderate
41,32905,62465,10,10,10,0.72,Moderate
21,141759,87436,13,7,2,0.58,Moderate
29,175423,88892,5,6,4,0.11,Moderate
54,50981,89559,11,9,6,0.18,Moderate
54,93903,40148,12,10,3,0.04,Moderate
60,90821,83928,16,5,3,0.81,Conservative
23,129200,21698,15,9,6,0.55,Moderate
56,102289,43470,2,9,1,0.32,Conservative
63,136506,93071,1,1,1,0.13,Moderate
41,98513,52660,10,5,5,0.48,Moderate
28,170946,54910,28,9,1,0.53,Aggressive
30,158746,36450,8,7,10,0.7,Moderate
51,70516,57463,2,6,8,0.97,Moderate
42,89212,34757,28,6,2,0.43,Moderate
24,153498,79012,17,7,6,0.41,Aggressive
69,150970,71247,19,1,10,0.37,Moderate
21,110009,73015,14,4,10,0.83,Moderate
25,181015,32390,13,1,5,0.16,Moderate
37,64816,57116,1,6,10,0.34,Moderate
46,24138,14161,16,4,4,0.72,Conservative
70,111176,33152,21,1,1,0.02,Conservative
68,95945,81171,30,9,3,0.29,Moderate
62,24017,96833,25,4,4,0.64,Moderate
63,30451,21836,7,6,2,0.19,Conservative
27,113863,91367,9,7,2,0.3,Moderate
60,30278,67543,25,8,2,0.49,Moderate
51,63764,56648,17,9,1,0.42,Moderate
43,143030,27331,29,9,10,0.11,Moderate
58,152206,11763,24,8,2,0.94,Moderate
66,82943,70444,30,10,6,0.04,Moderate
20,115667,94109,28,3,3,0.75,Moderate
23,74318,20187,18,2,10,0.07,Moderate
22,123423,12957,7,5,5,0.47,Moderate
22,123998,5379,27,1,1,0.18,Moderate
64,80128,28959,7,3,8,0.14,Conservative
40,41869,83018,30,1,4,0.13,Moderate
66,25039,28105,2,3,9,0.45,Conservative
26,172353,1877,2,4,4,0.52,Moderate
52,132935,49353,11,7,2,0.13,Moderate
37,30442,84788,30,5,3,0.98,Moderate
66,93788,97870,21,5,5,0.26,Moderate
59,139729,85585,16,1,10,0.46,Moderate
52,47586,84308,3,8,6,0.22,Moderate
67,73053,52567,16,4,7,0.49,Moderate
35,106346,58913,13,10,4,0.76,Moderate
34,87087,3637,18,5,7,0.52,Moderate
41,163697,73778,8,2,10,0.29,Moderate
20,54397,43025,29,1,3,0.25,Moderate
49,78671,83464,29,9,7,0.76,Moderate
52,136214,29742,20,2,4,0.12,Moderate
55,86897,12831,11,6,8,0.37,Moderate
30,177221,86092,4,1,9,0.15,Moderate
64,156355,91879,10,1,7,0.26,Moderate
42,158682,89370,19,9,8,0.15,Aggressive
26,194398,47762,2,4,8,0.89,Moderate
21,34924,99958,20,9,2,0.73,Moderate
31,133143,89741,14,5,9,0.56,Moderate
54,130253,19830,13,7,6,0.22,Moderate
51,120297,56044,10,1,4,0.51,Moderate
28,20869,74948,19,6,5,0.52,Moderate
58,117088,70202,7,8,10,0.59,Moderate
20,21014,38045,3,1,5,0.06,Moderate
45,30103,87322,26,9,7,0.97,Moderate
46,130317,72051,11,3,9,0.47,Moderate
26,184530,27627,7,1,7,0.93,Moderate
20,102409,16198,5,1,9,0.01,Moderate
42,43248,70521,14,6,4,0.25,Moderate
51,194588,30475,29,6,10,0.1,Aggressive
29,180133,20403,11,1,10,0.77,Moderate
59,175242,4681,15,3,4,0.32,Conservative
26,28024,92555,15,7,6,0.84,Moderate
32,105947,94122,26,10,8,0.83,Aggressive
57,194875,43292,20,3,9,0.67,Moderate
42,170368,6629,19,3,1,0.67,Moderate
22,111829,94246,19,3,1,0.7,Moderate
28,112708,96864,27,7,8,0.67,Aggressive
51,106664,78814,3,4,7,0.39,Moderate
41,169329,9417,10,4,9,0.68,Moderate
32,163927,35765,12,3,3,0.9,Moderate
55,105178,75499,28,10,10,0.33,Aggressive
25,121121,57574,8,9,5,0.94,Moderate
22,40025,91545,3,2,3,0.01,Moderate
65,155530,28675,11,4,5,0.35,Conservative
43,83610,73267,8,8,10,0.13,Moderate
35,90843,41563,12,6,1,0.13,Moderate
23,127237,12332,15,7,4,0.82,Moderate
54,194499,20177,25,7,6,0.92,Moderate
65,150299,90254,5,2,2,0.78,Conservative
30,189578,69447,9,4,7,0.98,Moderate
45,25668,58104,12,10,8,0.22,Moderate
22,198267,85335,6,10,1,0.14,Aggressive
30,93233,81730,27,6,4,0.52,Moderate
34,175489,5951,25,3,4,0.83,Moderate
67,101982,29333,18,9,5,0.04,Moderate
57,126133,22673,23,4,4,1.0,Conservative
62,30751,41870,18,10,9,0.6,Moderate
49,66218,72101,16,2,7,0.98,Moderate
46,146649,23821,12,6,2,0.37,Moderate
68,27352,26494,12,1,1,0.46,Conservative
20,108835,75160,25,6,9,0.75,Aggressive
57,117493,1835,27,10,1,0.79,Moderate
51,48927,19646,20,1,6,0.23,Conservative
57,192166,78360,1,8,2,0.93,Conservative
44,121948,38335,9,5,4,0.87,Moderate
30,49493,70351,29,6,6,0.02,Moderate
62,51707,3429,21,2,5,0.13,Conservative
50,158368,42950,12,2,6,0.5,Moderate
23,176470,61654,25,9,3,0.46,Aggressive
41,55842,69143,8,3,5,0.71,Moderate
36,33261,92186,0,6,2,0.09,Moderate
33,96709,98889,13,10,7,0.64,Moderate
57,115985,78527,28,5,3,0.62,Moderate
45,126616,87704,15,4,1,0.23,Moderate
50,87173,32099,19,10,8,0.54,Moderate
65,51781,40385,14,2,8,0.22,Conservative
58,33652,36919,0,8,3,0.15,Conservative
30,25103,97952,16,10,7,0.57,Moderate
60,45500,61782,23,7,9,0.98,Moderate
62,120336,72116,29,2,8,0.24,Moderate
42,186601,73590,29,6,3,0.36,Moderate
70,133499,90626,12,8,2,0.26,Moderate
59,169524,41387,29,7,10,0.27,Moderate
53,69393,16823,26,1,7,0.4,Moderate
44,182246,47015,14,5,7,0.7,Moderate
55,186508,16339,15,2,9,0.04,Moderate
24,67406,4491,15,6,5,0.96,Moderate
22,83059,1706,1,7,4,0.05,Moderate
60,167026,98493,16,7,8,0.88,Moderate
62,102722,16728,10,3,4,0.89,Conservative
68,32356,7997,7,7,4,0.52,Conservative
48,148128,61408,19,5,2,0.14,Moderate
40,22187,59097,2,8,1,0.57,Moderate
59,97243,39523,28,8,4,0.63,Moderate
27,55098,26163,11,7,7,0.86,Moderate
49,172297,18718,19,6,9,0.55,Moderate
60,154678,88508,15,2,9,0.41,Moderate
70,77620,84767,13,6,10,0.84,Moderate
47,183900,40619,15,9,1,0.98,Moderate
56,146270,13126,26,2,5,0.65,Moderate
48,177561,90131,20,1,7,0.87,Moderate
35,34387,65926,16,5,7,0.6,Moderate
53,89463,41633,30,6,10,0.69,Moderate
19,153663,78654,29,3,6,0.69,Aggressive
31,199588,4317,10,8,10,0.7,Moderate
30,111683,45980,16,7,4,0.32,Moderate
46,82061,45115,18,2,3,0.58,Moderate
29,101257,62646,21,7,9,0.59,Moderate
56,81753,44158,0,1,10,0.32,Moderate
19,104774,56963,29,9,4,0.35,Aggressive
49,162159,48631,26,7,8,0.76,Aggressive
30,181888,50316,11,6,1,0.58,Moderate
63,43408,60342,14,2,7,0.15,Conservative
44,144116,16504,17,3,6,0.84,Moderate
66,151208,69593,30,1,1,0.88,Conservative
58,37413,27660,27,10,4,0.47,Moderate
34,133650,38196,29,5,5,0.21,Moderate
57,79500,66938,22,9,8,0.95,Moderate
48,104514,9605,13,6,4,0.88,Conservative
51,76358,58388,29,5,3,0.24,Moderate
41,86197,82297,0,3,2,0.1,Moderate
62,183926,56501,12,5,4,0.44,Moderate
52,96240,54309,29,8,10,0.68,Moderate
65,36322,28043,14,2,4,0.18,Conservative
23,133053,34635,6,5,10,0.51,Moderate
36,26968,80315,14,6,5,0.43,Moderate
47,47518,81691,19,10,7,0.89,Moderate
24,71925,34132,9,8,9,0.43,Moderate
27,131900,90387,13,8,2,0.53,Moderate
58,113422,16366,5,5,5,0.96,Conservative
49,21700,94944,13,9,10,0.3,Moderate
51,113782,73107,23,4,9,0.29,Moderate
45,43199,63580,24,9,3,0.8,Moderate
32,195661,58889,21,7,1,0.28,Aggressive
47,183187,80553,11,6,2,0.83,Moderate
54,25520,40236,10,4,6,0.1,Conservative
46,129814,5150,28,2,5,0.11,Moderate
39,187527,20423,30,8,1,0.9,Moderate
21,143364,5137,29,6,1,0.54,Moderate
37,192677,30992,24,3,4,0.72,Moderate
49,34955,95438,19,7,4,0.23,Moderate
53,195121,45921,21,10,6,0.17,Moderate
67,164989,80369,23,7,6,0.83,Moderate
21,84925,67917,24,6,10,0.36,Aggressive
44,127216,74690,18,2,6,0.46,Moderate
34,90269,35235,1,8,1,0.03,Moderate
29,182026,79975,21,1,10,0.39,Aggressive
39,61458,20122,19,1,9,0.77,Moderate
34,109037,24956,0,6,7,0.82,Moderate
27,172185,64879,7,5,7,0.7,Moderate
18,119977,59560,24,9,7,0.69,Aggressive
39,63939,83800,13,7,2,0.51,Moderate
43,49345,69685,8,2,2,0.54,Moderate
35,197385,25660,1,7,6,0.74,Moderate
67,130107,87064,24,3,7,0.25,Moderate
31,141866,2168,22,1,3,0.23,Moderate
64,89166,46124,4,8,4,0.95,Conservative
46,198933,36897,22,3,3,0.03,Moderate
29,117406,16032,28,8,7,0.14,Moderate
53,69298,53797,24,7,7,0.57,Moderate
52,198293,36294,7,2,4,0.74,Conservative
69,64942,44827,15,1,7,0.54,Conservative
29,23453,4516,21,7,5,0.36,Moderate
24,122811,20751,15,1,1,0.98,Moderate
46,74935,31373,12,6,10,0.7,Moderate
28,142439,31270,19,10,4,0.83,Moderate
50,194442,11386,28,10,7,0.04,Aggressive
23,28328,65817,14,8,2,0.24,Moderate
64,35534,66184,0,7,2,0.37,Conservative
32,105280,80693,21,4,1,0.18,Moderate
49,56320,38879,2,1,2,0.07,Conservative
68,69170,50597,5,1,10,0.23,Moderate
28,120546,40132,21,4,8,0.53,Moderate
40,100201,4626,13,5,8,0.7,Moderate
43,28640,86936,3,7,8,0.77,Moderate
51,181121,82515,17,4,1,0.04,Moderate
63,156690,78065,14,10,1,0.43,Moderate
51,152992,56390,8,1,10,0.12,Moderate
46,63937,17645,17,10,4,0.43,Moderate
21,163279,92960,2,7,6,0.43,Aggressive
34,184044,55144,9,2,8,0.5,Moderate
52,161871,14382,16,2,2,0.89,Moderate
30,179988,5025,6,8,3,0.81,Moderate
58,90463,44226,14,10,6,0.64,Moderate
56,113500,80380,0,10,10,0.89,Moderate
32,57158,70711,26,10,4,0.68,Moderate
46,104607,97055,24,5,2,0.82,Moderate
46,139639,75710,26,10,7,0.56,Aggressive
28,91696,4443,10,2,4,0.53,Conservative
69,81510,22395,16,5,8,0.72,Conservative
49,140076,11725,4,8,8,0.02,Moderate
19,78692,34461,6,6,7,0.69,Moderate
64,150841,42115,18,3,10,0.93,Conservative
31,35810,97887,24,8,9,0.71,Moderate
37,156198,84732,23,9,4,0.04,Aggressive
39,181081,80790,28,5,7,0.38,Moderate
28,131718,80557,14,2,10,0.81,Moderate
44,110932,72260,2,2,10,0.96,Conservative
20,20192,29690,14,7,1,0.37,Moderate
34,56413,2407,4,1,4,0.84,Conservative
61,163888,74568,22,10,2,0.86,Moderate
45,59082,59560,11,2,9,0.12,Moderate
46,85048,48340,29,10,5,0.85,Moderate
38,143130,18794,19,4,3,0.32,Moderate
64,70940,20881,4,1,4,0.59,Conservative
33,183202,87292,2,4,6,0.54,Moderate
54,60142,95952,8,10,10,0.66,Moderate
37,56468,50703,25,5,1,0.74,Moderate
23,181770,45354,8,9,7,0.44,Moderate
36,161727,92288,6,1,8,0.89,Moderate
22,198969,79462,25,5,7,0.81,Aggressive
20,181147,15390,1,2,7,0.79,Moderate
18,160431,88475,22,9,9,0.46,Aggressive
55,149048,28307,22,6,4,0.04,Moderate
32,62056,97364,26,2,7,0.49,Aggressive
51,71831,95049,20,3,9,0.9,Moderate
52,79191,25502,15,8,5,0.19,Moderate
66,141948,96599,8,1,2,0.98,Conservative
42,184344,23486,12,3,5,0.81,Moderate
41,128117,39258,27,10,4,0.71,Moderate
29,34671,58716,26,1,8,0.68,Moderate
35,47048,98228,18,8,5,0.59,Moderate
32,45963,82494,19,1,9,0.72,Moderate
61,63954,83768,16,5,9,0.42,Moderate
33,115430,11748,5,4,3,0.85,Moderate
44,20717,63785,3,7,10,0.7,Moderate
25,31676,77050,0,5,6,0.77,Moderate
63,155506,23738,17,8,6,0.79,Moderate
42,138696,75231,30,1,4,0.09,Moderate
34,150830,74606,18,5,10,0.06,Moderate
46,24994,94301,8,4,3,0.8,Moderate
70,24234,42662,12,3,1,0.26,Conservative
25,89300,97297,7,5,7,0.58,Moderate
32,63949,83234,22,10,5,0.44,Aggressive
44,57405,16123,12,3,10,0.02,Moderate
63,54872,26616,14,8,7,0.04,Moderate
67,62215,12182,10,3,1,0.83,Conservative
69,43185,91369,11,1,8,0.61,Moderate
24,194514,99878,13,9,3,0.52,Aggressive
20,61153,63013,3,9,7,0.94,Moderate
46,97535,32331,0,6,3,0.17,Moderate
61,153653,47098,23,10,3,0.26,Moderate
70,71717,27128,3,1,10,0.76,Conservative
41,22763,32556,18,8,9,0.78,Moderate
20,112910,88505,8,2,2,0.4,Moderate
37,75480,22876,9,9,4,0.95,Moderate
63,189831,9949,3,8,6,0.94,Moderate
32,138094,52962,19,3,3,0.01,Moderate
42,176379,91054,29,5,10,0.17,Aggressive
47,31064,72206,8,9,10,0.82,Moderate
31,96848,25099,12,1,7,0.34,Moderate
24,57548,13716,11,9,7,0.1,Moderate
34,188017,53611,10,4,5,0.78,Moderate
61,199009,39885,11,4,3,0.45,Moderate
37,26476,54144,29,4,2,0.49,Moderate
53,110101,66220,17,10,4,0.19,Moderate
26,22382,8837,29,9,4,0.66,Moderate
55,196348,50355,11,6,8,0.55,Moderate
65,184474,48299,15,8,8,0.21,Moderate
39,178018,20159,4,4,5,0.34,Moderate
70,99698,52012,30,3,6,0.6,Moderate
70,173407,60305,19,1,8,0.92,Moderate
19,65095,88096,24,10,1,0.92,Moderate
41,149974,18106,11,7,5,0.29,Moderate
25,47197,59123,20,4,4,0.74,Moderate
28,147619,9720,24,8,4,0.78,Moderate
30,42010,38661,10,3,2,0.81,Conservative
34,175195,94898,8,1,10,0.57,Moderate
25,107923,94794,29,5,1,0.01,Moderate
38,153962,88318,17,2,6,0.76,Moderate
35,150526,22120,29,3,7,0.11,Moderate
47,129162,20790,30,6,5,0.12,Moderate
35,140927,59655,24,3,8,0.61,Moderate
63,28026,60643,2,3,9,0.98,Conservative
64,84925,94448,19,6,2,0.24,Moderate
48,88842,48374,16,5,4,0.65,Moderate
55,53665,43907,13,10,9,0.3,Moderate
49,29277,51071,0,9,5,0.9,Moderate
28,193311,35812,16,1,3,0.59,Moderate
62,198736,50570,24,3,6,0.21,Moderate
42,68008,51901,26,3,3,0.26,Moderate
50,34683,61186,7,6,5,0.43,Moderate
55,151742,51251,4,8,3,0.12,Moderate
58,168961,66171,4,3,6,0.08,Moderate
25,195607,37160,8,3,10,0.68,Moderate
28,98542,20156,2,6,5,0.41,Moderate
39,74319,77208,18,8,9,0.73,Aggressive
68,112067,80980,22,6,3,0.11,Moderate
41,172711,73320,8,10,6,0.61,Moderate
58,167705,18929,21,3,8,0.44,Moderate
34,185732,67606,29,4,7,0.06,Aggressive
29,88975,89442,17,1,6,0.54,Moderate
63,183244,63559,15,8,2,0.08,Moderate
49,121158,55205,0,4,7,0.83,Moderate
32,31577,69475,1,6,8,0.63,Moderate
33,97299,65341,13,3,1,0.56,Moderate
39,40176,96377,13,6,9,0.13,Moderate
45,195458,43863,0,9,4,0.29,Moderate
37,83972,82837,25,9,8,0.49,Moderate
50,140018,66439,25,10,10,0.63,Aggressive
27,192075,8194,24,3,7,0.18,Moderate
57,39996,72387,15,3,10,0.01,Moderate
49,120922,82914,14,4,7,0.34,Moderate
67,106598,67214,25,7,2,0.48,Moderate
50,55931,97176,14,3,1,0.18,Moderate
19,144168,30777,11,10,4,0.49,Moderate
50,186782,27183,15,8,2,0.34,Moderate
50,143099,28445,13,8,8,0.46,Moderate
58,54693,68038,28,6,10,0.35,Moderate
30,186812,88201,23,4,7,0.63,Aggressive
47,128944,17198,14,5,8,0.04,Moderate
50,37374,22411,22,2,6,0.17,Moderate
30,101471,51577,14,6,1,0.43,Moderate
69,65913,16867,18,3,9,0.36,Conservative
43,143683,63501,7,6,6,0.39,Moderate
39,64516,15266,1,5,10,0.8,Moderate
56,107796,40422,1,2,1,0.89,Conservative
19,46069,36208,26,5,1,0.25,Moderate
55,138333,32213,9,5,8,0.84,Moderate
56,104811,8367,2,9,6,0.46,Conservative
43,138028,80026,22,8,8,0.27,Moderate
63,59178,36362,16,7,8,0.99,Conservative
67,52821,52588,7,3,8,0.82,Conservative
32,36999,39285,27,10,10,0.99,Moderate
51,58712,75755,22,4,7,0.17,Moderate
59,191244,72846,3,6,7,0.14,Moderate
61,53722,37307,13,3,10,0.5,Conservative
66,30625,96167,30,9,4,0.64,Moderate
57,26859,81280,20,8,9,0.17,Moderate
28,192681,20867,9,6,2,0.86,Moderate
20,194379,57523,28,4,9,0.53,Aggressive
23,130986,85161,0,7,10,0.41,Moderate
26,41839,7378,3,3,3,0.6,Conservative
23,47216,85685,30,10,2,0.63,Moderate
26,72953,77958,0,8,4,0.04,Moderate
56,69522,28926,16,1,5,1.0,Conservative
48,155958,99707,25,3,2,0.36,Moderate
49,131249,14180,16,5,1,0.06,Moderate
58,27485,93837,6,5,10,0.85,Moderate
67,182527,37931,22,10,5,0.99,Moderate
29,167839,25014,19,2,9,0.82,Moderate
25,132701,97472,14,10,5,0.85,Aggressive
25,179525,80872,12,8,10,0.63,Aggressive
67,122638,59502,27,5,9,0.92,Moderate
45,32226,88736,1,7,10,0.04,Moderate
37,113405,6470,27,7,6,0.77,Moderate
64,42588,97395,18,5,3,0.67,Conservative
24,182781,15953,23,8,4,0.05,Aggressive
28,198860,39507,12,9,4,0.54,Aggressive
37,57019,93969,23,4,1,0.52,Moderate
33,196020,92493,10,4,3,0.69,Moderate
21,85133,7523,26,8,3,0.08,Moderate
23,134444,87923,21,1,1,0.81,Moderate
39,137603,58190,14,4,9,0.14,Moderate
43,178598,48761,9,6,1,0.42,Moderate
20,148585,32169,8,4,9,0.88,Moderate
58,63395,46641,26,6,1,0.56,Conservative
59,175103,23990,27,5,2,0.38,Moderate
31,145814,30661,8,9,2,0.05,Moderate
28,188773,14419,19,10,6,0.67,Aggressive
35,132599,15457,27,9,7,0.99,Moderate
29,45939,68600,0,4,1,0.91,Conservative
40,171396,77102,16,4,3,0.72,Moderate
29,173939,34085,30,8,2,0.11,Moderate
30,20203,98064,11,10,8,0.24,Moderate
42,167616,51654,9,4,9,0.19,Moderate
62,166971,7130,30,2,2,0.36,Conservative
68,49063,3042,4,2,2,0.24,Conservative
36,110880,71134,29,1,10,0.24,Moderate
63,23748,43982,28,5,9,0.62,Moderate
53,137269,99422,17,6,4,0.32,Moderate
62,100764,66185,14,9,5,0.68,Moderate
25,171956,34477,5,5,9,0.95,Moderate
46,176255,53709,6,6,6,0.64,Moderate
70,128036,29716,16,6,10,0.75,Moderate
49,170331,79137,5,3,9,0.75,Moderate
68,187031,37018,7,4,9,0.33,Moderate
61,136525,9061,11,1,7,0.01,Moderate
35,184529,9609,20,4,10,0.06,Moderate
23,105679,36371,13,1,9,0.28,Moderate
35,145829,84021,11,5,5,0.69,Moderate
36,148216,21805,22,8,5,0.91,Moderate
39,153175,8857,9,8,8,0.96,Moderate
54,85901,12620,21,5,10,0.03,Moderate
49,195607,9177,19,10,4,0.99,Moderate
58,167175,31111,14,2,9,0.32,Moderate
20,118046,89578,30,6,7,0.84,Aggressive
45,110012,85181,6,1,7,0.18,Moderate
27,98278,90941,25,7,3,0.06,Aggressive
68,32391,12826,8,4,4,0.38,Conservative
52,122476,14890,9,5,7,0.86,Moderate
46,179973,83428,9,6,5,0.22,Aggressive
32,140721,59031,15,1,3,0.15,Moderate
50,117537,76020,28,9,1,0.91,Moderate
24,101159,6495,6,10,7,0.94,Moderate
29,151040,29481,27,4,6,0.01,Moderate
66,189509,12267,29,8,10,0.73,Moderate
47,55503,7743,4,5,7,0.31,Conservative
38,95403,55800,22,8,2,0.37,Moderate
48,192330,49773,2,1,4,0.47,Moderate
41,184796,58042,17,8,2,0.43,Moderate
37,84286,50476,10,4,8,0.51,Moderate
54,94842,93105,14,2,7,0.58,Moderate
21,124927,29552,20,6,1,0.47,Moderate
45,34908,66242,19,2,2,0.7,Conservative
61,57228,46772,4,5,2,0.72,Conservative
37,43386,44730,23,2,4,0.44,Moderate
41,197826,29948,11,3,3,0.14,Moderate
67,48302,77311,3,6,1,0.64,Conservative
66,80815,70093,14,1,2,0.77,Conservative
68,83344,70123,8,6,9,0.64,Conservative
49,186690,17535,6,3,1,0.59,Moderate
58,131603,67490,9,7,9,0.23,Moderate
53,81114,47562,28,2,7,0.65,Moderate
70,45525,90080,27,6,2,0.33,Moderate
51,99818,59535,22,8,2,0.92,Moderate
53,134589,99991,30,1,5,0.65,Moderate
19,165406,42269,12,9,5,0.28,Moderate
32,114715,81674,28,5,4,0.47,Aggressive
51,26644,43462,7,5,10,0.85,Moderate
53,121154,4127,11,5,10,0.34,Moderate
23,184005,24147,21,6,3,0.53,Moderate
56,63469,46528,23,2,4,0.68,Conservative
59,184759,78095,18,6,10,0.75,Moderate
68,126609,69931,25,4,4,0.17,Moderate
68,168447,91925,25,8,2,0.57,Moderate
29,85206,67381,29,9,5,0.91,Moderate
20,116462,64749,0,9,5,0.97,Moderate
62,187679,39672,15,8,5,0.66,Moderate
35,103178,14731,21,3,10,0.98,Moderate
57,175065,55512,16,10,1,0.57,Moderate
38,195458,99658,24,4,6,0.44,Moderate
32,197359,52024,29,1,2,0.55,Moderate
50,106724,4832,17,9,7,0.12,Moderate
52,116393,33332,10,5,4,0.4,Moderate
43,147314,13467,17,6,5,0.46,Moderate
25,96312,42025,6,3,5,0.85,Moderate
53,95324,14107,17,10,5,0.76,Moderate
65,91196,78994,25,8,2,0.6,Moderate
47,90014,95202,7,7,5,0.35,Moderate
40,159282,44481,5,1,3,0.19,Moderate
59,161994,3581,29,10,4,0.35,Moderate
61,187361,76118,6,5,2,0.68,Moderate
31,53340,52638,22,10,4,0.26,Moderate
31,59850,9418,21,9,9,0.43,Moderate
19,133711,94627,9,6,8,0.39,Aggressive
54,31094,30113,10,8,3,0.77,Conservative
22,107959,85363,24,10,1,0.88,Aggressive
55,184490,64044,12,1,1,0.7,Moderate
62,25741,80955,8,10,6,0.34,Moderate
58,131585,62030,30,7,3,0.43,Moderate
64,142564,12814,6,3,4,0.14,Conservative
31,88798,11024,8,9,1,0.17,Moderate
56,136026,64288,12,6,8,0.16,Moderate
42,130130,58836,25,5,1,0.13,Moderate
37,42164,8435,2,8,5,0.18,Moderate
19,186667,68084,2,8,6,0.2,Aggressive
56,50257,71601,0,3,2,0.11,Moderate
23,165283,89416,20,2,7,0.64,Moderate
34,115989,4407,30,2,7,0.99,Moderate
42,156304,99943,19,5,1,0.88,Moderate
45,72691,33940,1,10,4,0.05,Moderate
19,99768,6666,24,7,4,0.42,Moderate
52,176685,38122,2,8,5,0.86,Moderate
54,34026,26092,14,10,1,0.13,Moderate
22,50908,76645,23,8,1,0.85,Moderate
18,39610,27505,5,8,7,0.59,Moderate
57,197718,37713,29,10,9,0.93,Aggressive
29,83185,55387,12,3,1,0.88,Conservative
53,92567,44169,20,2,2,0.68,Moderate
62,198646,74282,0,4,6,0.66,Moderate
40,56182,78511,19,1,6,0.21,Moderate
64,136136,52742,18,3,2,0.12,Conservative
48,151642,41522,0,9,9,0.42,Moderate
28,39288,82132,27,7,4,0.19,Moderate
27,98824,4880,30,7,7,0.1,Moderate
20,180949,44454,20,1,6,0.3,Aggressive
31,104425,56711,21,7,3,0.86,Moderate
33,20917,44539,1,10,8,0.02,Moderate
27,95602,69321,14,7,7,0.29,Moderate
46,84575,88985,13,4,9,0.42,Moderate
27,92518,15799,18,7,3,0.51,Moderate
29,59104,61102,10,8,1,0.18,Moderate
47,169134,51726,29,3,2,0.96,Moderate
58,36999,49784,14,10,1,0.58,Moderate
18,161013,44333,5,2,5,0.52,Moderate
22,81169,41828,19,7,10,0.01,Aggressive
37,174542,70526,8,5,2,0.49,Moderate
25,149744,55362,4,5,3,0.84,Moderate
60,130684,54997,19,5,8,0.22,Moderate
29,79821,51341,1,7,10,0.35,Moderate
18,195507,20073,5,9,5,0.02,Aggressive
37,155601,15549,25,8,4,0.98,Moderate
45,32192,84795,17,6,5,0.07,Moderate
60,94102,57920,27,7,10,0.9,Moderate
54,134894,86326,28,9,6,0.31,Moderate
64,106795,76515,22,6,7,0.59,Moderate
54,185159,21316,18,1,9,0.68,Moderate
29,86677,27183,8,4,1,0.14,Moderate
54,155699,94860,26,8,4,0.44,Moderate
66,154327,25624,20,7,9,0.33,Moderate
66,156285,63515,23,3,5,0.06,Moderate
61,122412,86781,26,10,8,0.83,Moderate
45,39404,47705,5,3,1,0.05,Conservative
64,136545,90326,13,3,4,0.65,Conservative
32,176452,27756,27,1,9,0.31,Moderate
23,170245,61390,25,10,1,0.19,Aggressive
61,43989,69369,23,1,1,0.67,Conservative
37,128106,71821,28,6,4,0.57,Moderate
67,44519,10589,12,1,3,0.32,Conservative
31,42439,15116,10,5,7,0.51,Moderate
19,138570,74181,11,4,3,0.25,Moderate
26,34995,45786,18,5,1,0.86,Conservative
54,43559,95686,18,7,10,0.31,Moderate
37,109049,77425,20,6,2,0.25,Moderate
43,156093,31286,26,9,10,0.75,Moderate
46,118000,16994,25,6,4,0.02,Moderate
18,172191,91198,18,9,1,0.27,Aggressive
52,59350,27639,23,4,1,0.38,Moderate
23,197295,18205,25,1,8,0.88,Moderate
54,45517,57677,12,1,7,0.95,Conservative
70,173322,33930,27,10,8,0.72,Moderate
22,109132,74313,13,7,4,0.49,Moderate
50,79546,94851,23,3,6,0.64,Moderate
66,125686,93509,17,2,3,0.41,Moderate
68,108151,19316,11,6,8,0.3,Moderate
31,23327,28304,3,6,4,0.95,Conservative
29,140318,97058,9,7,3,0.12,Moderate
59,180840,88876,28,5,4,0.35,Moderate
37,193860,86366,16,8,6,0.9,Aggressive
70,135945,14403,3,7,7,0.72,Conservative
67,66830,81052,11,2,7,0.03,Conservative
41,72446,85627,12,1,4,0.02,Moderate
60,166232,74495,28,9,8,0.52,Aggressive
51,185070,32932,26,5,7,0.48,Moderate
42,178302,97090,28,5,2,0.44,Aggressive
67,160148,37701,3,10,8,0.3,Moderate
46,89341,4385,9,4,9,0.99,Moderate
56,51085,58241,24,2,5,0.27,Conservative
48,75571,11367,30,5,4,0.49,Moderate
64,165787,66030,2,2,4,0.4,Moderate
60,148308,47505,14,7,4,0.17,Moderate
67,25750,34332,1,9,6,0.2,Conservative
40,133931,86178,24,9,4,0.92,Moderate
61,98768,77325,24,6,7,0.86,Moderate
55,55903,36268,16,1,7,0.2,Conservative
37,183165,87486,5,6,5,0.88,Moderate
40,111036,26563,25,5,5,0.21,Moderate
62,107954,37404,7,4,10,0.63,Conservative
69,185386,56182,2,6,8,0.08,Moderate
33,199297,33991,26,6,7,0.88,Moderate
67,103014,48663,24,6,7,0.05,Moderate
59,186251,66886,17,2,6,0.55,Moderate
25,137305,84848,21,7,7,0.78,Aggressive
67,176410,25127,0,4,7,0.12,Moderate
38,52101,58692,28,9,10,0.4,Aggressive
18,22775,95389,15,10,2,0.04,Aggressive
25,131497,38500,6,2,10,0.68,Moderate
46,65619,34785,2,5,2,0.31,Conservative
49,196910,85146,22,4,10,0.56,Moderate
55,170611,90126,3,9,7,0.93,Moderate
22,77124,95979,8,4,10,0.31,Aggressive
64,85149,48997,4,8,7,0.05,Moderate
39,46616,8170,18,8,7,0.68,Moderate
64,188171,14303,14,6,5,0.79,Moderate
51,81799,72743,7,6,1,0.96,Conservative
18,110221,78852,5,8,2,0.16,Moderate
43,134879,36187,17,10,9,0.39,Moderate
60,45479,66034,18,9,8,0.84,Moderate
27,197244,72776,23,5,8,0.81,Aggressive
47,119165,2893,14,1,10,0.62,Moderate
67,75863,14753,25,1,1,0.27,Conservative
35,193115,39090,6,2,6,0.28,Moderate
34,102569,65922,9,10,9,0.12,Aggressive
43,166480,77768,5,10,8,0.92,Moderate
25,36351,60412,13,5,3,0.17,Moderate
64,155203,57030,16,4,4,0.57,Moderate
57,64825,18509,8,1,3,0.58,Conservative
66,31349,69653,18,4,6,0.37,Moderate
29,64254,37929,29,4,9,0.35,Moderate
44,58225,49291,4,10,8,0.67,Moderate
25,32453,5042,22,4,10,0.39,Moderate
42,169886,63574,30,1,4,0.26,Moderate
63,169335,38201,6,9,2,0.4,Moderate
21,97694,93282,18,3,8,0.81,Moderate
50,35735,15016,30,4,8,0.97,Conservative
18,166902,26022,19,5,6,0.64,Moderate
36,67893,28938,25,7,8,0.78,Moderate
48,195745,44678,6,6,9,0.53,Moderate
33,147006,62720,23,5,1,0.62,Moderate
31,65066,57805,1,8,9,0.99,Moderate
70,154445,75323,24,1,2,0.44,Conservative
65,161407,2986,22,7,1,0.07,Moderate
22,174813,77478,15,6,8,0.96,Moderate
58,30692,83994,12,5,8,0.79,Moderate
43,198367,13161,7,7,4,0.4,Moderate
45,65541,21689,5,3,8,0.98,Conservative
19,185129,95699,5,1,7,0.35,Moderate
67,86983,61924,8,9,2,0.37,Conservative
23,170655,75308,3,2,5,0.61,Moderate
26,173837,64745,26,10,10,0.27,Aggressive
50,174978,2211,10,3,4,0.7,Conservative
58,140747,1229,4,8,3,0.15,Conservative
42,105103,49542,24,10,1,0.11,Moderate
65,197597,15345,16,9,5,0.53,Moderate
30,189302,32819,19,3,10,0.56,Aggressive
26,170592,48779,6,6,8,0.11,Moderate
70,45566,83421,26,7,9,0.96,Moderate
30,93193,93244,14,1,7,0.57,Moderate
48,181206,66584,24,7,1,0.15,Moderate
58,161417,20950,14,4,1,0.31,Moderate
28,141015,16173,13,5,1,0.8,Moderate
21,192257,59032,12,8,2,0.52,Aggressive
51,150956,29036,10,4,1,0.19,Moderate
55,90744,72356,27,4,4,0.1,Moderate
63,53455,15292,12,8,10,0.43,Conservative
21,179090,4052,25,5,9,0.34,Moderate
55,74219,45377,21,6,4,0.66,Moderate
36,65991,90317,27,5,4,0.93,Moderate
23,93616,68838,23,1,7,0.25,Aggressive
51,107438,68819,28,7,9,0.86,Moderate
35,136841,16620,8,6,7,0.92,Moderate
30,160558,31461,9,2,1,0.9,Moderate
58,189934,21750,3,7,1,0.95,Conservative
40,78870,99426,16,6,4,0.84,Moderate
36,106694,89719,13,5,4,0.59,Moderate
62,63856,10472,23,8,1,0.41,Conservative
28,121407,70263,17,5,6,0.49,Moderate
18,51379,58602,10,2,10,0.87,Moderate
41,84729,26523,15,6,2,0.3,Moderate
24,179450,31766,0,1,5,0.16,Moderate
42,74353,67060,28,5,8,0.14,Moderate
38,34031,10079,6,6,3,0.83,Conservative
32,85982,9399,27,7,9,0.76,Moderate
18,56683,61726,9,2,7,0.5,Moderate
29,134091,93906,8,1,9,0.27,Moderate
24,137797,17532,26,6,1,0.68,Moderate
32,168690,83357,30,3,5,0.04,Moderate
38,26587,44162,27,5,3,0.57,Moderate
36,82790,4749,27,2,4,0.4,Conservative
46,51480,12353,24,1,4,0.98,Conservative
42,171599,29477,2,1,7,0.51,Moderate
50,43569,25570,21,4,10,0.55,Moderate
66,31151,87373,22,10,8,0.71,Moderate
49,64739,12437,13,2,10,0.48,Conservative
66,52954,39104,25,1,5,0.22,Conservative
52,129373,64370,24,6,10,0.54,Moderate
61,186375,5551,14,4,7,0.94,Conservative
55,54700,69359,1,10,3,0.41,Moderate
43,143728,55880,23,7,3,0.68,Moderate
28,86788,13916,13,6,3,0.98,Conservative
52,91045,81703,15,5,4,0.83,Moderate
25,188914,42445,6,10,6,0.66,Moderate
63,164972,48636,3,2,5,0.74,Conservative
31,147992,74927,17,5,8,0.94,Moderate
27,100059,79194,23,9,5,0.96,Aggressive
19,21881,30685,26,9,5,0.97,Moderate
63,184109,52134,4,2,10,0.63,Conservative
26,152702,89916,5,7,2,0.38,Moderate
20,40789,95455,29,10,5,0.13,Aggressive
38,146083,68847,26,4,7,0.39,Aggressive
43,108059,40993,6,3,2,0.94,Moderate
25,66151,45333,30,1,6,0.89,Moderate
65,199992,59865,14,3,7,0.52,Moderate
19,129388,80096,25,9,5,0.54,Aggressive
23,23262,50756,0,9,9,0.31,Moderate
45,86981,62192,23,7,4,0.45,Moderate
70,140951,61686,3,3,10,0.71,Conservative
46,143099,49733,28,3,1,0.4,Moderate
43,101972,26993,24,4,8,0.19,Moderate
42,95485,31492,0,7,8,0.54,Moderate
29,74722,21981,10,7,7,0.23,Moderate
22,109499,25143,17,2,8,0.97,Moderate
51,181004,78603,13,5,2,0.39,Moderate
65,26901,90452,21,7,3,0.91,Conservative
54,137473,61277,10,7,9,0.23,Moderate
32,28597,50990,9,6,1,0.19,Moderate
61,149631,63888,26,10,8,0.62,Moderate
53,83909,70351,29,10,8,0.78,Moderate
32,92391,98372,16,8,7,0.57,Moderate
60,159335,50999,3,3,5,0.23,Moderate
65,83293,71309,23,1,4,0.04,Moderate
40,176877,13446,14,3,10,0.62,Moderate
23,31874,31733,25,2,10,0.13,Moderate
63,106402,77000,15,2,10,0.34,Moderate
67,34079,49632,20,2,10,0.68,Moderate
61,92779,22576,12,5,6,0.1,Conservative
60,115408,4320,8,1,1,0.13,Conservative
62,160090,11750,10,10,5,0.06,Moderate
38,140606,54463,10,4,4,1.0,Moderate
40,140062,27572,5,10,4,0.39,Moderate
60,32100,18948,0,5,7,0.91,Conservative
33,77021,39826,21,2,9,0.29,Moderate
64,170872,90051,5,5,8,0.75,Moderate
70,148126,28867,12,10,8,0.22,Moderate
32,112446,61231,21,4,5,0.5,Moderate
42,49437,67262,23,8,6,0.82,Moderate
53,197747,92356,30,1,2,0.82,Moderate
28,171014,73233,21,5,3,0.79,Moderate
68,40862,45678,4,10,5,0.82,Conservative
32,31669,13963,14,1,2,0.21,Conservative
21,141219,65360,26,10,3,0.48,Aggressive
38,35916,50434,17,10,4,0.48,Moderate
30,30878,67617,19,4,6,0.89,Moderate
39,22985,21269,13,8,5,0.3,Moderate
36,61235,77312,14,1,10,0.93,Moderate
51,38931,98352,25,2,4,0.45,Moderate
31,112876,80732,4,1,2,0.67,Moderate
21,20336,82494,25,7,5,0.27,Moderate
65,62933,89905,3,2,5,0.41,Conservative
70,65536,78225,1,1,7,0.71,Conservative
69,89504,83867,6,6,1,0.51,Conservative
63,119214,38528,9,6,4,0.93,Conservative
44,133936,79972,15,10,5,0.74,Moderate
46,36279,66602,9,2,8,0.56,Moderate
64,123751,97261,17,1,8,0.89,Moderate
45,124433,91748,16,10,1,0.67,Moderate
52,91386,34332,29,3,5,0.65,Moderate
25,106124,91937,20,10,10,0.25,Aggressive
33,125750,79929,27,5,1,0.39,Moderate
59,97485,70206,12,6,1,0.68,Conservative
53,94055,92137,0,3,2,0.89,Moderate
47,111911,3251,0,9,2,0.32,Moderate
35,118618,46717,14,5,9,0.22,Moderate
19,133892,28027,0,2,4,0.59,Moderate
66,91128,98382,5,10,3,0.07,Moderate
30,169180,87551,24,6,1,0.71,Moderate
21,72495,10583,25,8,2,0.7,Moderate
43,102806,51387,12,6,6,0.35,Moderate
42,113185,24104,26,4,9,0.89,Moderate
47,190591,13224,27,6,5,0.5,Moderate
28,69649,61624,0,8,4,0.65,Moderate
24,185596,57058,4,8,5,0.21,Aggressive
48,184957,97372,30,10,9,0.42,Aggressive
61,195441,30299,8,2,7,0.86,Moderate
27,115402,79572,29,8,8,0.21,Aggressive
56,50676,86469,24,6,4,0.39,Moderate
30,84093,78928,16,2,8,0.32,Moderate
48,198836,74474,15,1,6,0.15,Moderate
24,99414,5141,7,6,5,0.29,Moderate
66,113095,24350,16,7,7,0.23,Moderate
59,92307,76082,14,10,6,0.92,Moderate
59,115432,71871,23,5,3,0.74,Moderate
53,51923,6077,0,10,5,0.32,Moderate
37,137449,47015,11,8,9,0.76,Moderate
21,67574,72147,4,9,7,0.02,Moderate
24,194463,60180,23,4,4,0.53,Moderate
18,141757,41857,5,7,7,0.25,Moderate
61,73664,60840,24,8,5,0.11,Moderate
62,87384,60902,0,6,2,0.88,Conservative
59,51027,6577,24,2,6,0.2,Conservative
64,186536,21002,0,7,7,0.82,Conservative
30,54485,51711,9,9,8,0.41,Moderate
39,170528,40451,9,5,6,0.01,Moderate
38,55554,50103,2,2,8,0.73,Moderate
39,66922,29647,16,4,7,0.6,Moderate
45,33409,35831,18,3,2,0.34,Moderate
26,56639,97498,27,4,6,0.28,Moderate
43,39692,96119,10,10,9,0.07,Moderate
26,109037,67830,28,7,6,0.94,Moderate
32,38074,81632,17,10,4,0.49,Moderate
27,166621,37833,1,8,7,0.09,Aggressive
41,49963,93864,8,1,3,0.87,Conservative
59,72265,25398,23,8,5,0.28,Moderate
25,36061,62554,16,5,1,0.2,Moderate
41,179882,51755,27,7,10,0.28,Aggressive
33,133502,18706,13,1,3,0.56,Moderate
66,42800,23340,3,2,8,0.07,Conservative
43,136192,65994,28,1,9,0.48,Moderate
44,127228,64884,16,5,9,0.9,Moderate
54,48054,85361,16,6,10,0.19,Moderate
21,196469,18482,11,10,2,0.33,Moderate
67,33233,55225,27,9,4,0.4,Moderate
41,176140,59849,19,8,5,0.59,Moderate
36,85727,75854,17,7,3,0.92,Moderate
53,110610,42256,2,5,1,0.39,Conservative
56,90453,82110,10,3,6,0.07,Moderate
27,124135,15650,24,9,10,0.35,Aggressive
42,176904,47118,17,5,2,0.19,Moderate
35,128464,29930,3,3,9,0.65,Moderate
36,33682,86707,16,3,1,0.03,Moderate
53,174455,12801,17,3,9,0.29,Moderate
27,78160,52360,4,6,7,0.55,Moderate
50,43666,88908,13,1,10,0.28,Moderate
67,78817,17559,9,4,2,0.55,Conservative
22,111198,33334,14,8,6,0.11,Moderate
64,185714,14288,0,3,8,0.94,Conservative
66,61830,23398,15,5,2,0.29,Conservative
52,30234,77230,10,2,5,0.92,Conservative
61,77616,13191,22,2,6,0.33,Moderate
51,29221,19051,19,7,3,0.78,Moderate
50,162482,62715,5,10,2,0.25,Moderate
38,21051,11737,23,3,6,0.67,Conservative
34,130529,66140,28,5,3,0.32,Moderate
39,96918,26251,21,3,2,0.51,Moderate
65,98116,51975,15,6,1,0.67,Moderate
54,142226,6147,29,10,8,0.59,Moderate
32,64757,51508,1,3,1,0.58,Moderate
52,141008,53224,0,8,5,0.07,Moderate
45,151379,20643,23,2,6,0.25,Moderate
24,76889,39967,23,3,3,0.57,Moderate
49,55944,99850,8,8,7,0.02,Aggressive
28,119555,41733,21,8,2,0.25,Moderate
27,58134,85003,11,1,7,0.23,Moderate
26,178395,35808,16,8,2,0.25,Moderate
31,45954,68288,29,10,5,0.54,Aggressive
30,109959,59959,24,2,7,0.58,Moderate
42,24992,2849,27,7,3,0.91,Moderate
19,21961,69178,28,6,4,0.39,Moderate
52,32497,68136,14,2,1,0.93,Conservative
24,183623,61740,29,5,3,0.65,Moderate
38,33255,87322,18,7,9,0.91,Moderate
35,155639,45565,26,8,10,0.83,Moderate
20,68847,21183,21,3,5,0.69,Moderate
59,199075,2132,9,1,8,0.36,Conservative
56,40389,39259,28,7,2,0.24,Moderate
58,195595,97612,25,5,3,0.22,Moderate
66,143802,64668,30,5,7,0.95,Moderate
28,81576,39563,26,7,10,0.96,Moderate
56,63919,93227,11,1,4,0.72,Conservative
41,23358,11931,13,8,9,0.88,Moderate
63,108535,74169,30,10,7,0.92,Moderate
36,125982,51639,8,5,1,0.51,Moderate
21,25698,59901,26,8,4,0.63,Moderate
43,86809,2044,12,10,10,0.42,Moderate
55,113079,47691,2,10,6,0.42,Moderate
59,75805,25363,20,5,6,0.04,Moderate
49,182421,47694,28,7,10,0.43,Aggressive
56,95033,2582,13,10,6,0.67,Moderate
62,118239,80910,20,3,5,0.42,Moderate
63,150407,67844,9,2,3,0.87,Conservative
53,64041,22301,15,6,2,0.33,Conservative
57,51954,75329,6,5,3,0.13,Moderate
54,28002,2620,3,9,9,0.81,Moderate
50,89783,63224,26,10,3,0.67,Moderate
53,127524,57655,19,4,3,0.24,Moderate
20,144857,96419,22,3,1,0.54,Moderate
26,39738,38534,24,9,2,0.4,Moderate
25,30703,40390,30,8,3,0.94,Moderate
50,133776,72629,10,6,2,0.61,Moderate
23,163464,56856,15,1,8,0.16,Moderate
58,64724,50252,19,10,6,0.5,Moderate
56,52299,56809,3,1,7,0.86,Conservative
21,35641,23259,21,6,1,0.67,Moderate
30,99534,21655,21,3,6,0.84,Moderate
66,26305,34005,22,3,2,0.25,Conservative
19,38782,32629,30,6,6,0.89,Moderate
22,98257,24610,16,3,3,0.76,Moderate
61,97963,58184,12,10,7,0.73,Moderate
44,141987,22602,10,6,3,0.35,Moderate
49,171638,86945,29,5,9,0.89,Moderate
38,144591,12110,2,4,3,0.64,Moderate
25,87766,7073,8,8,7,0.85,Moderate
55,26511,81818,5,2,4,0.36,Conservative
25,134816,11195,21,7,8,0.15,Moderate
67,177249,2537,20,4,2,0.33,Conservative
20,24765,18138,10,2,8,0.46,Conservative
61,171426,45328,15,7,9,0.53,Moderate
20,43929,47202,18,1,8,0.51,Moderate
39,179892,41164,26,4,6,0.55,Moderate
23,131576,90743,4,9,10,0.84,Aggressive
19,180595,55659,13,4,1,0.17,Aggressive
40,91088,87155,16,3,7,0.32,Moderate
61,97525,50692,2,10,1,0.89,Conservative
19,33780,25845,3,10,7,0.56,Moderate
55,26589,90846,15,2,2,0.58,Conservative
34,185884,31562,15,3,8,0.48,Moderate
52,113664,29036,20,1,2,0.55,Conservative
51,197011,61752,25,10,3,0.2,Aggressive
40,124188,75233,24,8,3,0.55,Moderate
47,113326,84049,3,1,1,1.0,Conservative
69,60953,69681,18,3,5,0.57,Moderate
25,85785,28818,25,3,5,0.04,Moderate
39,39309,31544,16,2,10,0.8,Moderate
61,74195,63532,12,5,5,0.4,Moderate
53,45901,79636,25,10,9,0.15,Aggressive
22,174648,58705,21,3,6,0.86,Moderate
30,182580,21104,22,3,6,0.2,Moderate
46,45464,70603,25,8,3,0.92,Moderate
48,36260,60025,30,4,5,0.44,Moderate
64,144997,97264,23,4,10,0.74,Moderate
33,55440,33317,27,3,7,0.55,Moderate
59,115082,32416,0,1,3,0.26,Conservative
47,125583,43012,11,8,2,0.67,Moderate
33,76683,69045,3,1,5,0.96,Conservative
29,144206,22400,10,7,3,0.77,Moderate
34,192502,49270,4,5,5,0.6,Moderate
33,153059,73069,1,4,9,0.99,Moderate
29,176177,50833,16,4,10,0.27,Moderate
25,98484,64644,7,8,1,0.06,Moderate
37,164098,81206,5,6,4,0.03,Moderate
20,88309,70468,20,1,10,0.71,Moderate
33,65927,60473,28,10,5,0.83,Moderate
47,62946,46809,8,8,2,0.64,Moderate
62,146503,39328,12,2,2,0.91,Conservative
40,161449,37784,10,6,1,0.7,Moderate
45,73592,24723,28,9,8,0.37,Moderate
68,158419,61646,15,1,2,0.18,Moderate
57,53776,67255,15,6,3,0.92,Conservative
22,154855,1074,26,8,2,0.1,Aggressive
37,75798,27498,1,10,4,0.54,Moderate
57,155370,66522,9,2,1,0.31,Conservative
61,90204,97881,11,5,3,0.27,Moderate
18,106207,21541,7,6,5,0.65,Moderate
47,120356,46929,10,5,10,0.23,Moderate
38,80652,27028,29,3,1,0.92,Moderate
37,185556,30545,9,4,4,0.41,Moderate
23,149572,80569,12,7,6,0.68,Moderate
39,40922,32673,24,4,4,0.73,Moderate
35,185100,31974,16,9,7,0.68,Moderate
25,171388,59899,6,10,7,0.9,Moderate
56,96996,24097,23,2,6,0.23,Moderate
49,168040,94144,2,5,9,0.09,Moderate
50,50266,65824,29,8,2,0.06,Moderate
70,175072,24525,19,5,10,0.88,Moderate
33,165083,58804,12,10,8,0.97,Moderate
29,22866,16043,18,8,8,0.3,Moderate
55,132669,42846,6,8,10,0.69,Moderate
69,25898,78261,8,9,4,0.01,Moderate
51,38395,51227,18,10,6,0.19,Moderate
31,190091,54028,12,6,6,0.69,Moderate
53,24006,38383,21,4,5,0.07,Moderate
50,185465,30483,7,3,1,0.47,Conservative
40,30956,8265,21,5,3,0.66,Conservative
67,157150,23763,17,6,7,0.77,Conservative
62,180703,76652,28,3,8,0.45,Moderate
19,115676,16733,22,2,2,0.63,Moderate
58,141724,92038,1,7,3,0.54,Moderate
38,82901,38420,17,5,4,0.05,Moderate
19,127227,10247,17,9,5,0.74,Moderate
44,137192,24840,10,3,3,0.17,Moderate
26,192646,66149,30,8,5,0.03,Aggressive
18,51417,22058,0,6,8,0.45,Moderate
28,108020,35929,13,4,8,0.87,Moderate
20,103639,85171,15,9,2,0.15,Aggressive
69,114881,92164,10,5,6,0.01,Moderate
40,190526,32362,0,10,4,0.11,Moderate
43,152659,87489,29,6,9,0.36,Aggressive
21,141688,85664,6,9,10,0.58,Aggressive
35,135584,48356,30,7,2,0.19,Aggressive
23,106567,78597,28,5,8,0.8,Aggressive
52,95886,7041,15,2,1,0.75,Conservative
39,169888,79209,29,4,6,0.7,Moderate
60,49432,62954,13,2,10,0.49,Moderate
32,199689,62869,14,3,1,0.37,Moderate
39,92373,22059,13,10,2,0.38,Moderate
54,185289,45722,27,3,3,0.5,Moderate
69,40884,18548,20,4,9,0.08,Conservative
59,25454,16078,10,6,5,0.68,Conservative
29,94960,6419,15,3,10,0.35,Moderate
64,122421,36490,18,10,10,0.22,Moderate
66,63618,77086,16,1,2,0.28,Conservative
59,67111,59760,26,1,10,0.18,Moderate
55,190685,31337,25,9,5,0.9,Moderate
35,140592,2468,5,9,5,0.17,Moderate
62,79993,25309,10,5,1,0.88,Conservative
52,148652,67344,16,9,3,0.57,Moderate
47,159920,91283,8,7,5,0.87,Moderate
41,98672,73255,17,9,9,0.47,Moderate
59,86125,82899,16,7,10,0.93,Moderate
47,137509,29718,30,9,1,0.21,Moderate
31,81602,95337,11,2,8,0.55,Moderate
23,62222,38841,22,8,1,0.13,Moderate
20,69223,74548,21,7,9,0.45,Moderate
33,85333,84565,21,6,6,0.57,Moderate
24,142650,47660,29,5,1,0.61,Moderate
69,69420,51281,4,4,8,0.37,Conservative
31,95504,1767,10,7,5,0.08,Moderate
26,22462,4895,3,3,7,0.66,Conservative
32,29460,59026,26,8,7,0.49,Moderate
38,119319,43968,3,2,7,0.14,Moderate
52,160347,41097,2,1,6,0.94,Conservative
19,164341,16332,25,2,8,0.96,Moderate
44,149593,15621,23,9,9,0.86,Moderate
19,142672,77870,22,5,2,0.84,Moderate
52,92920,19174,24,8,7,0.1,Moderate
35,42553,41502,16,3,2,0.99,Conservative
31,175438,37674,6,7,6,0.4,Moderate
37,64036,38260,25,2,2,0.16,Moderate
35,168441,43498,3,8,10,0.81,Moderate
27,162867,68609,22,7,6,0.23,Aggressive
42,90021,50464,12,5,2,0.53,Moderate
19,127205,72805,11,4,1,0.13,Moderate
42,181215,65919,0,1,7,0.47,Moderate
50,180497,55469,20,5,3,0.56,Moderate
53,108209,18194,18,9,4,0.45,Moderate
48,95139,27811,20,10,6,0.07,Moderate
31,25368,73377,19,4,5,0.48,Moderate
18,155693,44723,17,9,4,0.47,Moderate
63,78829,76235,10,2,9,0.26,Moderate
33,149036,77298,19,4,6,0.92,Moderate
63,34719,60238,2,9,6,0.42,Moderate
69,49227,3147,28,4,2,0.86,Conservative
20,129430,99919,16,5,6,0.11,Aggressive
52,158638,39445,11,8,7,0.32,Moderate
58,32306,54803,9,1,8,0.18,Conservative
23,73822,62108,7,1,8,0.41,Moderate
42,44042,3013,14,9,9,0.11,Moderate
30,166158,86617,4,9,10,0.44,Aggressive
70,168459,83410,3,4,3,0.35,Conservative
51,178114,54502,25,2,10,0.22,Moderate
25,109424,38755,27,9,7,0.64,Aggressive
38,169395,9733,20,4,7,0.95,Moderate
51,38019,10479,19,6,1,0.21,Conservative
21,95426,76361,18,1,8,0.71,Moderate
42,60863,22304,20,9,4,0.74,Moderate
32,131023,36694,3,5,5,0.5,Moderate
21,161355,82171,14,3,6,0.9,Moderate
62,169351,87296,16,4,3,0.97,Moderate
29,66999,10490,11,1,5,0.36,Moderate
49,82780,22252,2,9,10,0.65,Moderate
49,42908,7862,9,8,5,0.66,Moderate
45,146278,70959,14,4,1,0.4,Moderate
30,133002,11450,9,2,3,0.32,Moderate
48,189024,57022,23,9,3,0.93,Moderate
31,120706,62991,22,4,1,0.79,Moderate
37,188735,41927,17,9,7,0.11,Moderate
35,142019,89090,0,10,1,0.12,Moderate
46,129708,50853,2,3,7,0.92,Moderate
23,199001,32826,20,7,4,0.08,Aggressive
49,29343,43879,25,7,9,0.69,Moderate
46,96173,58265,30,10,7,0.23,Moderate
60,120260,73361,26,4,5,0.04,Moderate
19,190863,78990,11,2,7,0.06,Aggressive
40,180206,90787,0,9,9,0.37,Aggressive
36,198173,87184,2,4,10,0.08,Moderate
48,89443,41736,2,8,6,0.6,Moderate
68,77530,25530,4,2,1,0.65,Conservative
22,197871,79052,18,8,6,0.37,Aggressive
36,155899,48058,28,10,1,0.74,Moderate
51,116143,75094,24,5,4,0.49,Moderate
27,164771,75255,0,7,8,0.43,Aggressive
42,134527,5886,3,7,5,0.41,Moderate
19,156385,94721,28,9,5,0.43,Aggressive
28,164670,38387,28,3,10,0.97,Moderate
67,131362,22575,25,10,8,0.68,Moderate
48,48807,40643,25,4,8,0.32,Moderate
32,196298,11100,3,10,1,0.73,Moderate
26,79550,61356,16,4,5,0.33,Moderate
40,23558,8856,13,10,5,0.13,Moderate
36,70113,39169,17,5,8,0.48,Moderate
26,72999,29804,26,6,1,0.75,Moderate
52,187415,36790,0,3,7,0.38,Moderate
38,78219,31988,21,4,7,0.87,Moderate
26,186258,77448,15,3,9,0.39,Moderate
45,188038,39506,2,2,2,0.35,Moderate
63,184841,88904,22,10,3,1.0,Moderate
68,73218,68306,20,9,4,0.48,Moderate
24,39229,13305,8,1,1,0.81,Conservative
33,95209,10969,22,2,7,0.8,Moderate
33,47877,13404,3,8,10,0.93,Moderate
50,117137,9989,20,7,3,0.08,Moderate
21,58084,66305,4,1,3,0.27,Moderate
21,101780,36983,10,5,3,0.77,Moderate
56,167878,40462,30,10,8,0.56,Moderate
57,57034,20360,20,6,9,0.56,Moderate
34,191389,86657,25,5,10,0.17,Aggressive
54,75468,27287,8,4,2,0.28,Conservative
56,170166,66472,25,1,10,0.52,Moderate
69,30589,62313,2,7,10,0.28,Conservative
46,77221,35160,5,9,1,0.21,Moderate
69,21657,7789,23,6,9,0.09,Moderate
53,118300,28181,10,3,6,0.16,Moderate
55,137229,15385,8,10,9,0.77,Moderate
56,59531,83597,28,4,6,0.72,Moderate
67,72227,66641,14,10,2,0.05,Moderate
54,23164,45247,22,5,1,0.2,Moderate
69,113078,87673,27,1,8,0.56,Moderate
52,61247,6544,2,5,3,0.32,Conservative
24,170673,14275,0,1,1,0.82,Moderate
44,70599,64248,19,9,8,0.78,Moderate
45,155624,35550,28,7,1,0.89,Moderate
39,160489,54693,21,3,8,0.56,Moderate
31,88207,20641,18,9,1,0.35,Moderate
24,92055,72749,13,2,9,0.61,Moderate
54,122266,81021,16,7,9,0.09,Moderate
39,98270,16605,21,9,9,0.01,Moderate
22,131426,51713,13,6,3,0.02,Moderate
19,154794,21390,16,10,4,0.41,Moderate
44,90442,76403,24,5,5,0.23,Moderate
38,115632,59466,26,7,6,0.16,Moderate
55,191103,4981,13,6,9,0.62,Moderate
32,41438,10493,11,5,4,1.0,Conservative
38,78819,72218,15,2,6,0.18,Moderate
27,63856,72318,0,8,1,0.55,Moderate
40,184648,96335,12,7,2,0.12,Aggressive
56,61938,17984,5,6,8,0.93,Conservative
22,79807,23760,16,5,4,0.29,Moderate
18,69877,92529,11,5,10,0.88,Moderate
30,63461,2524,22,9,7,0.28,Moderate
38,113474,50402,18,1,4,0.81,Moderate
43,191541,92656,5,9,9,0.21,Moderate
67,103136,66614,6,6,9,0.29,Moderate
62,40435,36891,0,4,4,0.19,Conservative
38,165263,92009,0,10,8,0.26,Moderate
70,104726,40832,28,7,6,0.83,Moderate
35,178458,46836,4,9,1,0.64,Moderate
54,182793,74953,5,5,7,0.41,Moderate
62,74786,14362,30,5,1,0.97,Conservative
49,33704,67745,15,8,3,0.46,Moderate
53,76635,38921,30,7,8,0.97,Moderate
34,153195,71434,24,8,9,0.2,Aggressive
52,110710,19562,15,10,3,0.9,Moderate
66,82993,65510,13,2,1,0.01,Conservative
28,132752,77407,0,9,1,0.55,Moderate
38,176488,8610,12,3,7,0.42,Moderate
69,152886,93918,19,6,5,0.53,Moderate
70,98537,16791,9,6,1,0.55,Moderate
43,70258,59047,23,2,6,0.39,Moderate
21,167580,68906,9,7,6,1.0,Moderate
51,105166,20665,8,9,4,0.98,Conservative
69,133710,71246,30,10,7,0.96,Moderate
65,55699,66864,12,1,7,0.98,Conservative
35,66335,47451,2,8,9,0.79,Moderate
57,66806,87148,26,2,1,0.99,Moderate
52,97853,46890,17,1,5,0.89,Conservative
58,55739,7794,19,8,10,0.42,Moderate
46,54785,33888,1,2,3,0.78,Conservative
69,183052,7749,16,6,7,0.91,Moderate
46,105016,47531,27,6,4,0.71,Moderate
55,152681,21608,18,5,4,0.42,Moderate
59,86253,81986,22,8,1,0.07,Moderate
38,111128,70211,12,3,1,0.81,Moderate
59,179213,84996,12,10,10,0.95,Moderate
30,181081,57017,0,4,2,0.36,Moderate
66,147581,58676,1,7,2,0.15,Moderate
58,130966,12560,0,7,1,0.33,Conservative
34,157854,55401,23,8,8,0.58,Aggressive
26,119352,51468,4,2,6,0.32,Moderate
58,177005,33463,23,2,6,0.61,Moderate
18,97154,32663,2,4,10,0.97,Moderate
19,159379,69706,28,10,10,0.67,Aggressive
65,128297,59773,27,9,9,0.36,Moderate
46,58346,34123,6,10,5,0.94,Moderate
50,132138,95346,23,9,4,0.57,Moderate
27,70772,10718,30,4,6,0.13,Moderate
67,60149,63637,21,9,8,0.5,Moderate
57,106700,1028,12,3,1,0.65,Conservative
38,178598,63370,28,5,7,0.84,Moderate
45,116758,48599,22,10,8,0.94,Moderate
28,148447,18397,29,9,9,0.32,Aggressive
51,25695,46406,27,6,8,0.16,Moderate
25,59169,48657,17,3,7,0.07,Moderate
39,67947,68560,23,10,3,0.74,Moderate
25,198296,14503,20,9,2,0.8,Moderate
66,65865,55943,6,6,3,0.41,Conservative
32,176625,76839,0,4,4,0.4,Moderate
34,124501,83674,4,4,4,0.95,Moderate
40,80410,26345,16,8,6,0.92,Moderate
41,123754,51390,27,7,7,0.23,Moderate
62,110895,96041,28,1,4,0.78,Moderate
36,175888,60557,7,6,10,0.62,Moderate
22,70705,66054,14,8,6,0.15,Aggressive
49,135700,2906,19,3,9,0.36,Moderate
61,93914,41167,3,9,6,0.18,Moderate
18,21881,8961,1,10,3,0.3,Moderate
40,190639,27140,4,2,1,0.62,Moderate
54,67365,59701,0,6,10,0.38,Moderate
25,99211,78567,24,1,10,0.39,Moderate
30,176078,81664,4,2,5,0.54,Moderate
25,61198,82199,5,5,10,0.09,Moderate
40,173903,82218,1,1,10,0.74,Moderate
60,120649,81729,25,8,3,0.4,Moderate
18,167531,29561,25,1,8,0.48,Moderate
62,183515,51568,0,9,10,0.97,Moderate
68,193388,74302,3,10,1,0.34,Moderate
41,156949,96380,6,3,2,0.65,Moderate
52,59553,95968,21,2,3,0.39,Moderate
41,155994,30504,25,1,3,0.89,Moderate
34,142778,38146,0,9,8,0.85,Moderate
22,137018,41297,0,4,5,0.24,Moderate
37,155758,87394,7,1,8,0.69,Moderate
38,52766,69607,19,1,6,0.07,Moderate
57,52006,17939,15,7,2,0.96,Conservative
48,51422,91467,20,2,4,0.35,Moderate
63,136590,51715,12,7,9,0.83,Moderate
53,32205,45460,22,7,4,0.32,Moderate
28,174599,67576,23,10,5,0.63,Aggressive
69,169515,69222,30,9,5,0.98,Moderate
32,167596,13666,25,7,10,0.88,Aggressive
36,136477,63119,22,1,8,0.16,Moderate
24,48202,36321,17,8,6,0.55,Moderate
68,197214,2779,29,8,10,0.35,Moderate
45,81692,14186,30,4,7,0.43,Moderate
68,40855,17459,19,8,6,0.34,Moderate
60,45095,87246,9,4,5,0.34,Moderate
22,189796,88755,11,8,5,0.54,Aggressive
22,69241,6057,0,5,3,0.19,Moderate
47,123119,61663,9,4,7,0.54,Moderate
49,72003,19733,8,6,10,0.28,Moderate
25,114837,20157,2,2,5,0.29,Moderate
27,114283,36030,27,2,7,0.74,Moderate
55,167044,20613,18,2,2,0.03,Moderate
64,143805,84028,25,9,9,0.38,Moderate
49,113846,87282,8,10,8,0.41,Moderate
65,42927,6188,9,3,5,0.49,Conservative
45,140589,30680,18,10,2,0.67,Moderate
34,135657,61119,15,4,6,0.37,Moderate
48,86630,75400,23,10,8,0.21,Moderate
